code;libelle;rue;ville;ai;nif;rc
0;Crée par PCCOMPTA/Vérification;;;;;
00CB;BELHADI;;;;;
00CB00;BELHADI;;;;;
00CBX00;BELHADI;;;;;
00X00;CODE DIVERS CREE PAR PCCOMPTAP;;;;;
00XCB;;;;;;
1074;KERNOUA HOURIA M/C;VGE IMEKHLAF CNE EL-KSEUR;BEJAIA;06016103046;257060200179189;09A0956425-01/06
236;BERAHAL BELKACEM;CITE 60 LGTS HASSI MAAMECHE;MOSTAGANEM;27061871011;198227050065723;10A3937447-27/00
AC;FETOUS MOHAMED;;;;;
AC001;KOUAHI ABDELHALIM;;;;;
AC0011;AVANCE CLIENTS 2014 -2019;;;;;
AC002;KERDJA BRAHM;;;;;
AC003;AZOUM IDIR;;;;;
AC004;CHEBIRA TOUFIK;;;;;
AC005;MERZOUK NAIM;;;;;
AC006;BOUZEKRI NABIL;;;;;
AC007;MEZMIZ AHMED;;;;;
AC008;BOUCHAHLATA ZOHRA;;;;;
AC009;AICHOUCHE NOUREDINE;;;;;
AC010;TARAFT DJAMEL;;;;;
AC011;AOUCHENNI BOUALEM;;;;;
AC012;EURL L'EMAIL DU GRAIN D'OR;;;;;
AC013;SNC NOUR MERIMECHE ET FRERES;;;;;
AC014;DJADOUF ABDELKADER;;;;;
AC015;SNC CHABI ET SAIDI;;;;;
AC016;SARL NUTRIVAL;;;;;
AC017;HANNIT LAAZIZ;;;;;
AC018;KHERDJMIL FARID;;;;;
AC019;CHIKHAOUI SAID;;;;;
AC020;BAHRI ABDESSELEM;;;;;
AC021;EURL BS COMMERCE;;;;;
AC022;BOULARAS ABDELHALIM;;;;;
AC023;AYACHE HAKIM;;;;;
AC024;ZEGGANE BELKACEM;;;;;
AC025;CHOKHOUNE ZAHIR;;;;;
AC026;YAZID FARES;;;;;
AC027;BENNACER ABDELMALEK;;;;;
AC028;YAHIAOUI TPM;;;;;
AC029;AIMENE ATHMANE;;;;;
AC030;DJENNADI ABDELKADER;;;;;
AC031;FERDJALLAH A/RAZAK;;;;;
AC032;ALOUACHE SEDDIK;;;;;
AC033;MERIDJI ABDELBAKI;;;;;
AC034;BRAHIMI BRAHIM;;;;;
AC035;CHOUIDIDA MOKHTAR;;;;;
AC036;CHIKHAOUI ZAHIR;;;;;
AC037;SELLAMI ESSAID;;;;;
AC038;RABAHI CHOULI;;;;;
AC039;SALHI ARROUDJ;;;;;
AC040;ICHALALENE MOURAD;;;;;
AC041;HAMMOUDI AMOR;;;;;
AC042;SARL GRAIN BENIS;;;;;
AC043;MIHOUBI SAID;;;;;
AC044;CHOUALI DJAMAL;;;;;
AC045;ECTC SPA;;;;;
AC046;BENMESSAOUD AMRANE;;;;;
AC047;SNC TRANSPORT HADJI;;;;;
AC048;SNC NASRI ET CIE SERVICES;;;;;
AC049;BENDAIRA TOUFIK;;;;;
AC050;ZIDANI ALI;;;;;
AC051;MESSAOUDENE DJAMAL;;;;;
AC052;DJENNADI AHCENE;;;;;
AC053;BOURTAL DRISSE;;;;;
AC054;BOUCHELAGHEM FAROUK;;;;;
AC055;ASSAM ABDELGHANI;;;;;
AC056;SLIMANI AZEDDINE;;;;;
AC057;BERRIAHI SOMIA;;;;;
AC058;BOUFERKAS SAID;;;;;
AC059;CHIKHOUNE LYES;;;;;
AC060;HAMI MEHREZ;;;;;
AC061;SARL TRANS FAID;;;;;
AC062;AMARA YAZID;;;;;
AC063;BENZIOUNE TAMER;;;;;
AC064;MAHMOUDI ABDELHAKIM;;;;;
AC065;MESSIOUNI ZAHER;;;;;
AC066;BOUKIR ALI;;;;;
AC067;BOUCHELAGHEM FAROUK;;;;;
AC068;AFIA RAZIK;;;;;
AC069;CHEURFA SABER;;;;;
AC070;BOUANANI MOHAMED;;;;;
AC071;AYAD ABDENOUR;;;;;
AC072;BENSOLTANE AHCENE;;;;;
AC073;SARL ETPB SLIMANA;;;;;
AC074;EURL MOUZAOUI;;;;;
AC075;BELLOUT BRAHIM;;;;;
AC076;BARKA KHALED;;;;;
AC077;ZIDANI ABDENOUR;;;;;
AC078;SARL GROUPE BENHMADI ANTAR;;;;;
AC079;GHANEM MOHAMED ZOUBIR;;;;;
AC080;AYACHE ABDELGHANI;;;;;
AC081;BOURDACHE SAMIR;;;;;
AC082;SARL STS;;;;;
AC083;SNC AZZOUG & BENSAHNOUNE;;;;;
AC084;BELARBI TAYEB TRANSIT;;;;;
AC085;CHAIBI AMAR;;;;;
AC086;BENHADDAD DJILLALI;;;;;
AC087;AIT BRAHAM MOHAND;;;;;
AC088;GHOUL MALEK;;;;;
AC089;CHEKROUNE YACINE;;;;;
AC090;MAAMAR ABDELHAMID;;;;;
AC091;HAMOUDI NAGUIM;;;;;
AC092;EURL YAHYAOUI ATHMANE;;;;;
AC093;SARL BERBACHE ET F;;;;;
AC094;SARL MECHERI;;;;;
AC095;GUERMOUZ AZZEDINE;;;;;
AC096;EURL AMADE EDDINE;;;;;
AC097;KHALDI AOMAR;;;;;
AC098;SARL DAIFI ET FILS;;;;;
AC099;SARL DTLPP DEBOUZ;;;;;
AC100;SARL FRERES REBAHI;;;;;
AC111;SARL HERITIER LAOUEDJ;;;;;
AC112;KARDJA BRAHIM;;;;;
AC113;SGA HELAILI MARZOUK;DE CONSTANTINE-ALGER BP 55;BIRKHADEM;;;
AC114;HERBIL LAID;;;;;
AC115;SARL BERFAT TRAVAUX;;;;;
AC116;BENZIOUCHE A/HAK;;;;;
AC117;MEKAHLIA A/LADIM;;;;;
AC118;AYADI NASREDDINE;;;;;
AC119;MAHFI TOUFIK;;;;;
AC120;LAIFAOUI AMAR;;;;;
AC121;BOUZBRA DJAMAL;;;;;
AC122;NECIRA ABDELWAHED;;;;;
AC123;AMZAL NADIR;;;;;
AC124;MELLAH MILOUDE;;;;;
AC125;BOUKIR MOHAMED;;;;;
AC126;ZIANI NACER;;;;;
AC127;TARAFT TAIEB;;;;;
AC128;HADJBI KARIM;;;;;
AC129;MEKLAT YACINE;;;;;
AC130;ZIRI AISSA;;;;;
AC131;HANAIZI NADIR;;;;;
AC132;BOUKIR MOHAMED;;;;;
AC133;MESSAOUD GHERNI MOHAMED;;;;;
AC134;AMICHI FADEL;;;;;
AC135;DJAIJA MEFTAH;;;;;
AC136;BEDAR LYAMINE;;;;;
AC137;DOUCEN MOHAMED;;;;;
AC138;AOUINET CHAOUKI;;;;;
AC139;GACI ADEL;;;;;
AC140;TISSOULA HIND;;;;;
AC141;REDJEL OMAR;;;;;
AC142;HASAINE BENALI;;;;;
AC143;SADOUDI ABIR;;;;;
AC144;KADRI ABD ELBASSET;;;;;
AC145;BENYAKHLEF HACHEMI;;;;;
AC146;ALOUANE FOUDIL;;;;;
AC147;KASMI FARID;;;;;
AC148;DRAFA A/KADER;;;;;
AC149;BELKACEMI KHELAF;;;;;
AC150;MENNI IDIR;;;;;
AC151;NCERA ABD ELWAHED;;;;;
AC152;KERROUCHE YOUCEF;;;;;
AC153;BOUFALA A/AZIZE;;;;;
AC154;MECHRI SAID;;;;;
AC155;MOURI KARIM;;;;;
AC156;BENALI FAHIM;;;;;
AC157;SARL TRHBS;;;;;
AC158;IBELHOULEN ACHOUR;;;;;
AC159;HADROUG HAMOUDA;;;;;
AC160;MAKHLOFI DJILALI;;;;;
AC161;BACHIR KHELAF;;;;;
AC162;BOUHAOUYA NOURDINE;;;;;
AC163;SAHNOUNE HAKIM;;;;;
AC164;SARL LAOUINI ET FILS;;;;;
AC168;HANI ELOUNAS;;;;;
AC169;HAMMADACHE A/KRIM;;;;;
AC170;DJOUDI SMAIL;;;;;
AC171;OUMAKHLOUF DJEBAR;;;;;
AC172;AROUL FAHEM;;;;;
AC173;MEZGHICHE SAMIR;;;;;
AC174;BENBOURNANE NAIM;;;;;
AC175;KALI ABDERAZAK;;;;;
AC176;HAMOUCHE DJBAR;;;;;
AC177;BESSAI MALEK;;;;;
AC178;MILAN LOUCIF;;;;;
AC179;BOUHABEL DRADJI;;;;;
AC180;MOUDACHE MAAMAR;;;;;
AC181;IHADDADEN SAMIR;;;;;
AC182;AYACHE SOFIANE;;;;;
AC183;TITOUAH MAAMAR;;;;;
AC184;SAKER AISSA;;;;;
AC185;TIRCINE KADA;;;;;
AC186;SNC IKHLEF ET FRERES;;;;;
AC187;MOHAMED CHERIF;;;;;
AC188;SYAD AZEDDINE;;;;;
AC189;DJAHED KARIM;;;;;
AC190;DJOUDI HOCINE;;;;;
AC191;OUHADDAD FARID;;;;;
AC192;OUACHOUR AHCENE;;;;;
AC193;SARL HODNA STEEL;;;;;
AC194;SARL TRANS GUEZOU;;;;;
AC195;TOULA HACHEMI;;;;;
AC196;BENAZZOUZ YAZID;;;;;
AC197;CHAOUAIT BOUKHALFA;;;;;
AC198;ABD ELMOULA ABDELFATEH;;;;;
AC199;BRIKH HALIM;;;;;
AC200;BOUAMARA AZDINE;;;;;
AC201;MEBARKI ABDESLAM;;;;;
AC202;KERKAR SAID;;;;;
AC203;BENKHELLAT SALIM;;;;;
AC204;YOUCEF FATAH;;;;;
AC205;ZOUAOUI REDOUANE;;;;;
AC206;EURL TM KRARROUBI;;;;;
AC207;FETOUS MOHAMED;;;;;
AC208;AFROUKH AMAR;;;;;
AC210;AMEUR KHELAF;;;;;
AC211;BENSACI A/HALIM;;;;;
AC221;BEKHOUS RABAH;;;;;
AC222;MADJIDI AHMAD;;;;;
AC223;SARL LE MOULINS DE TIDJA;;;;;
AC224;MAZA BACHIR;;;;;
AC225;SPA TRAVOCIA;;;;;
AC226;DAMMENE DEBIH MOUSSA;;;;;
AC227;ZIDANE MOURAD;;;;;
AC228;SARL BERFAT TPM;;;;;
AC229;DJOUDI MESSAOUD;;;;;
AC230;DRIHEM ABDERRAHMANE;;;;;
AC231;BELKESSAM SAMIR;;;;;
AC237;ZEGANE MHAND;;;;;
AC238;BRIKH ABDELAZIZE;;;;;
AC239;SARL ALBER ARRAHEM;;;;;
AC240;BRASSERIE STAR D'ALGERIE;;;;;
AC241;HAMDANI ZAHOUA;;;;;
AC242;KHELOUAT BOUAMAMA;;;;;
AC243;HAMADOU SLIMANE;;;;;
AC244;MAAMAR DJELLOUL;;;;;
AC245;OUFRICHE HAMID;;;;;
AC246;HAMIDOUCHE MESSAOUD;;;;;
AC247;ARIOUAT SOFIANE;;;;;
AC248;ARIOUAT ABD ELAZIZE;;;;;
AC249;EURL ERBTPH CHIABI;;;;;
AC250;CHIKHOUNE ZAHIR;;;;;
AC251;YEKKEN LYES;;;;;
AC253;AIT SAID MD TAHAR;;;;;
AC254;SIDER TAYEB;;;;;
AC255;EURL TRANSPORT FLY;;;;;
AC256;AFAFSA SALIM;;;;;
AC258;HALIMI KAMEL;;;;;
AC259;SAGHI ARZKI;;;;;
AC260;LEBGAA MOHAMED;;;;;
AC261;BOUAICHE KAMEL;;;;;
AC262;ZERAR ABDELKADER;;;;;
AC264;AZZOUGUEN MHENI;;;;;
AC265;AZZAR SAID;;;;;
AC266;KHALDI ABD EL KAMAL;;;;;
AC267;KEZIZE KHALED;;;;;
AC268;MEZITI ALI;;;;;
AC269;AZIB AZZEDINE;;;;;
AC270;FERKAL AISSA;;;;;
AC271;DJENNADI NAGUIB;;;;;
AC272;DJELLAL LAKHDAR;;;;;
AC273;SARL TRAVAUX 2000;;;;;
AC274;DJOUDI ABD ERRAZAK;;;;;
AC275;LAGOUNE ADLANE;;;;;
AC276;HANI MOHAND OUCHABANE;;;;;
AC277;KADIS AIT BENAMARA;;;;;
AC278;BOUGHABA NOUAR;;;;;
AC279;CHABANE BOUZID;;;;;
AC280;ADOUR NADIR;;;;;
AC281;KHALDI MADJID;;;;;
AC282;MEBARKI SAMIR;;;;;
AC283;NEKAR ALI;;;;;
AC284;BOUKRIF SOUFIANE;;;;;
AC285;ANAT RIAD;;;;;
AC286;SNC BLOC CONSTRUCTION;;;;;
AC287;NABET NADIR;;;;;
AC288;SARL POINT NORD AFRIQUE;;;;;
AC289;EURL DJENNADI TRANS;;;;;
AC290;BAA SAID;;;;;
AC291;HAMOUCHE FAYCAL;;;;;
AC292;SARL CENTRE COMERCIALE;;;;;
AC293;SARL CMAC;;;;;
AC294;KRIM NADJIM;;;;;
AC295;FEDALA ABD EL AZIZE;;;;;
AC296;MOUSSAOUI NORDINE;;;;;
AC297;MOUSSAOUI LAHCEN;;;;;
AC298;EURL TERRENO TRANS;;;;;
AC299;SPA CONDOR ELECTRONICS;;;;;
AC300;SI SAID ABDELHAKIM;;;;;
AC301;ABID MOHAND AKLI;;;;;
AC302;MEGROUS HOCINE;;;;;
AC303;MOUSSAOUI MOURAD;;;;;
AC304;MEBARKI LARAFI;;;;;
AC305;MAKHLOUFI HALIM;;;;;
AC306;BOUZIDA KOUCILA;;;;;
AC307;SARL DPR COMPANY;;;;;
AC308;AZZOUGUEN MEHNI;;;;;
AC309;BEN DAHMANE MESSAOUD;;;;;
AC330;DJENNADI AMIROUCHE;;;;;
AC331;BAA ARAB;;;;;
AC332;SARL EASY WORLD;;;;;
AC333;SARL BOUGIE TRANSPORT;;;;;
AC334;GUERNOUB MADJID;;;;;
AC335;SNC FRERES CHABATE;;;;;
AC336;BAA LOUHAB;;;;;
AC337;BOUKIR KHELAF;;;;;
AC338;SNC TRANS DJAIDER ET CIE;;;;;
AC339;MEZGHICHE YOUCEF;;;;;
AC340;AMMOURA AMAR;;;;;
AC341;LEFKI ABD EL GHANI;;;;;
AC342;SARL S.T.R.L.T;;;;;
AC343;GUERNOUB FATAH;;;;;
AC344;LAOUAR ASSIA;;;;;
AC345;DJENNADI SALEM;;;;;
AC346;DJENNADI LYAZID;;;;;
AC347;SARL HAMOUDI ET FRERES;;;;;
AC350;BOUCENNA NADJET;;;;;
AC351;OUALI ABDELKADER;;;;;
AC352;ABDELAZIZ ABDELKADER;;;;;
AC353;SAHMI MASSINISSA;;;;;
AC354;EDIMCO EPE SPA;;;;;
AC355;IDIEUR FATMA;;;;;
AC356;BOUDJAOUI BOUZID;;;;;
AC357;DERRAB SAID;;;;;
AC358;GARET FATAH;;;;;
AC359;BENMEZIANE NOUREDDINE;;;;;
AC360;KADI MOHAND AREZKI;;;;;
AC361;SARL POLINA;;;;;
AC362;SARL NATIONAL EXPRESS TILKOUT;;;;;
AC363;SIAD ABDELMOUMEN;;;;;
AC364;GRINE RAMDANE;;;;;
AC365;TARAFT SALAH;;;;;
AC366;MILANE NADIR;;;;;
AC367;IDIR KARIM;;;;;
AC368;SARL TRANSPORT BOUNA;;;;;
AC369;CHEBIRA MOHAMED;;;;;
AC370;MADI ALLAOUA;;;;;
AC371;SARL TRANS SABLE D'OR;;;;;
AC372;BENNOUI ABBES;;;;;
AC373;IDIR KAMEL;;;;;
AC374;ETBTCE EGTPHF TPM AZIRI FARID;;;;;
AC375;KHRAMSSIA ABBAS;;;;;
AC376;SARL CHAHIR NOUR;;;;;
AC377;AITYATA FARES;;;;;
AC378;SNC OUIZEM ET FRERES ETPBH;;;;;
AC379;SNC MAOUCHI ELDJILALI & MEROUA;;;;;
AC380;GUEDJALI ABDELMOUMEN;;;;;
AC381;DJOUMI IMAD;;;;;
AC382;BOUCHIBANE AZZI FADILA;;;;;
AC383;SARL BENKACI RIADH ET CIE;;;;;
AC384;DJOUMI LOUNES;;;;;
AC385;ZIANI KOCEILA;;;;;
AC386;SNC YAHIA SAMIR ET BELAZRI RIA;;;;;
AC387;HABITOUCHE LAMINE;;;;;
AC388;BAKIRI TEWFEK;;;;;
AC389;SAAOUI LARBI;;;;;
AC390;GUERCHI ABDELKADER;;;;;
AC392;MOKRANE SAID;;;;;
AC393;MASSIOUN HAYAT;;;;;
AC394;BERKANI HAMZA;;;;;
AC395;AYACHE ABDELFATEH;;;;;
AC396;BENSACI MAKHLOUF;;;;;
AC397;MAOUCHI FARID;;;;;
AC398;SELLAH SALAH;;;;;
AC400;NAFTAL GPL BEJAIA;;;;;
AC402;MOKADEM TOUFIK;;;;;
AC404;SARL EGTPH FILLAL;;;;;
AC405;ABBACI LYES;;;;;
AC406;SAYAD ABDELHAFID;;;;;
AC407;CHELAGHA ABD RAZEK;;;;;
AC408;BOULAHFA MESSAOUD;;;;;
AC409;SARL KECHAYACHE BAT ET ROUTES;;;;;
AC410;SEBAOUN MEBAREK;;;;;
AC411;EURL GROCERAM;;;;;
AC412;BAKHA MOKHTAR;;;;;
AC413;SNC FRERES AFFANE TRANSPORT;;;;;
AC414;BENMAMMAR REMMACHE;;;;;
AC415;SARL FILS BENSAADA TAYEB;;;;;
AC416;TAGGA TAHAR;;;;;
AC417;IGHEMOURACEN SALIM;;;;;
AC418;AZIZE HAKIM;;;;;
AC419;DJENNADI REYAD;;;;;
AC420;IDIR KAMEL;;;;;
AC421;BOUKOUBAA YOUCEF;;;;;
AC422;SNC EL MOUSTAKBEL;;;;;
AC423;OUASDI SAADI;;;;;
AC424;TEFFAHI HICHAM;;;;;
AC425;AYAD RIAD;;;;;
AC426;BOUKAIBA FAHEM;;;;;
AC427;SELLAH SALIM;;;;;
AC428;YAKOUBI MEZIANE;;;;;
AC429;MECHICHE BOUZID;;;;;
AC430;DJOUDI YOUCEF;;;;;
AC431;AHFIR KHALED;;;;;
AC432;SARL TITOU TPM;;;;;
AC433;SELLAH SOFIANE;;;;;
AC434;AMARA EL FODHIL;;;;;
AC435;YAHIAOUI ELKHEYER;;;;;
AC436;SARL FITOU TPM;;;;;
AC437;SARL TRANS MES;;;;;
AC438;MOUSSAOUI TAHAR;;;;;
AC439;BENMEZIANE ABBAS;;;;;
AC440;KERKADENE AMAR;;;;;
AC441;DJOUADI BELKACEM;;;;;
AC442;ZAIDANI ALI;;;;;
AC443;TEGGAR HAMZA;;;;;
AC444;BOUKAIBA SAMIR;;;;;
AC445;SALHI OUALI;;;;;
AC446;HADDAD KHELLAF;;;;;
AC447;SELLAH BACHIR;;;;;
AC448;HAMOUMOU ABDELLAH;;;;;
AC449;SAIDANI HAMOU;;;;;
AC450;MADI KARIM;;;;;
AC451;AZZOUG FARID;;;;;
AC452;FERHAT SAMIR;;;;;
AC453;FERROUDJ REDOUANE;;;;;
AC454;SNC L'AIGLE DES COLLINES;;;;;
AC455;SELLAH FARID;;;;;
AC456;GUERBANE NACIMA EPS HAMMOUCHE;;;;;
AC457;IGHEMOURACENE SALAH;;;;;
AC458;KISSOUM MOURAD;;;;;
AC459;SNC LASMI ET CIE HYGIENE;;;;;
AC460;MESSAST ABDELOUHAB;;;;;
AC461;SAIB AYMEN;;;;;
AC462;SNC EL MOSTAKBEL ZINET&MOUZAIA;;;;;
AC463;BERKANI KHELLAF;;;;;
AC464;MEHDI MOHAMMED BEN AHMED;;;;;
AC465;EPE SPA LNHC;;;;;
AC466;CHEGRA MOULOUD;;;;;
AC467;GHANEM ABDELKARIM;;;;;
AC468;DJOUMI LAID;;;;;
AC469;BOUDJIT TAHAR;;;;;
AC470;SNC BOVA YASSA ET CIE;;;;;
AC471;SELLAH NOUREDINE;;;;;
AC472;MANSOURI ZOUBIR;;;;;
AC473;BELFADEL MALIK;;;;;
AC474;LARABI MADJID;;;;;
AC475;EURL L'AIGLE DE AMRAOUA;;;;;
AC476;SARL TIZIRI CERAMIQUE;;;;;
AC477;SARL CONSERVERIE AMOR BENAMOR;;;;;
AC478;SPA SNTP;;;;;
AC479;IZRARENE LOUNIS;;;;;
AC480;SAIT ABDESLEM;;;;;
AC481;EURL GHPB TRAVAUX;;;;;
AC482;DJOUDI SADEK;;;;;
AC483;OUASDI SADEK;;;;;
AC484;SAIDOUN YACINE;;;;;
AC485;BOUHZILA MOURAD;;;;;
AC486;HARFOUCHE REDA;;;;;
AC487;DJOUDI AMAR;;;;;
AC488;IDIR NADIR;;;;;
AC489;TIAOUININE MOHAND;;;;;
AC490;HASSAINE BEN ALI;;;;;
AC491;AIDER BOUSSAD;;;;;
AC492;CNAC HAROUNE ZAHIR;;;;;
AC493;YOUBI NACER EDDINE;;;;;
AC494;EURL BIZIOU TRADING;;;;;
AC495;EURL NET TRANSPORT;;;;;
AC496;SFACENE ALLAOUA;;;;;
AC497;MAHAH ACHOUR;;;;;
AC498;SADI DJILLALI;;;;;
AC499;ALOUI ABAS;;;;;
AC500;MEHDAOUI SAID;;;;;
AC501;MERIDJI HOUDENE;;;;;
AC502;YAHIAOUI REDOUANE;;;;;
AC503;MELLA YOUCEF;;;;;
AC504;ZERIFI KHELLAF;;;;;
AC505;EURL LTNC HADDI;;;;;
AC506;HOUICHI ABDELKADER O/KHELIFA;;;;;
AC507;MAHMOUDI EL MAHDI;;;;;
AC508;EURL AKFADOU TRADING;;;;;
AC509;SNC GROUPE DECORS BENHAMED;;;;;
AC510;DJEMOUNE SMAIL;;;;;
AC511;HAMZAOUI MESSAOUD;;;;;
AC512;BAGHDAOUI ABID;;;;;
AC513;HAMZAOUI AMOKRANE;;;;;
AC514;ABDOUNE RAFIK;;;;;
AC515;DJOUDI MD AREZKI;;;;;
AC516;EURL ALL TRANSFERT;;;;;
AC517;SARL MAZMER MATERIAUX DE CONST;;;;;
AC518;SNC LIMPIDE HANOUTI ET CIE;;;;;
AC519;HAMITOUCHE NADJIB;;;;;
AC520;HAMITOUCHE NADJIB;;;;;
AC521;RAHAL BILLEL;;;;;
AC522;TITOUAH MOURAD;;;;;
AC523;SARL DPR COMPANY;;;;;
AC550;KERROUCHE FARIDA;;;;;
AC551;CHABANI MED ALI;;;;;
AC552;GALOUL MASSINISSA;;;;;
ACB002;SARL EGTC;;;;;
ACB003;SARL YALCINLAR;;;;;
ACB004;KERDJA MOURAD;;;;;
ACB005;NABET NADIR;;;;;
ACB006;saidani abdellah;;;;;
ACB007;TITOUAH MOURAD;;;;;
ACB008;SARL EURL INTERFACE HOMME MACH;;;;;
ACB009;AIDOUN MOHAND;;;;;
ACB010;SARL FRERE REBAHI TRANS ET DIS;;;;;
ACB011;KERROUCHE FATIHA;;;;;
ACB012;EURL NEGMI HORISON PROTECTION;;;;;
ACB013;SARL OXI LOG;;;;;
ACB014;TAKFA MOHAND AKLI;;;;;
ACB015;BI CONSTRUCTION BENABED ISLAM;;;;;
ACB016;SARL SOMARA;;;;;
ACB017;KERDJA YOUCEF;AIZMANE CNE OUED GHIR BEJAIA;;06511478051;160195400030124;02A0933378-00/6
ACB018;MEHAH ACHOUR;;;;;
ACB019;AKKAL MEKHLOUF;;;;;
ACB020;ZAIDI SOFIANE;;;;;
ACB021;EURL ALGHIKA;;;;;
ACB022;REDJAL HUCIR;;;;;
AF001;BS MOTORS;;;;;
AF002;QALEO SAR;;;;;
AF003;QINGDAO;;;;;
AF004;ALASKA;;;;;
AF005;MANSONS;;;;;
AF006;FOSHAN;;;;;
AF007;BENSON;;;;;
AF008;DAKEN;;;;;
AF009;ARVIN MERITOR ITALY;;;;;
AF010;TAKLER;;;;;
AF011;KAPOOR;;;;;
AF012;AFHYMAT;;;;;
AF013;SHRADHA;;;;;
AF014;SERTPLAS;;;;;
AF015;HUBEI CHUSHENG;;;;;
AF016;DOMAR;;;;;
AF017;SARL EL GUEDRA;;;;;
AF018;SARL TAMITAL;;;;;
AF019;FRASLE BAIRRO FORQUETA CAXIAS;;;;;
AF020;EURL BOUSSETLA;;;;;
AF021;KVAUTO;;;;;
AF022;EURL BAF;;;;;
AF023;SARL PEINTURE MIDY 2;;;;;
AF024;ERMAKSAN;;;;;
AF025;AKYAPAK;;;;;
AF026;SARL CENTRE COMMERCIAL IL MATH;;;;;
AF027;IMPACT EVENEMENT;;;;;
AF028;BATICOMPOS SPA;;;;;
AF029;CMA CGM BEJAIA;;;;;
AF030;DOUANE BEJAIA;;;;;
AF031;SNC NUPDA BEKKA;;;;;
AF032;ARCELOR MITAL;;;;;
AF033;SARL DJERBELLOU SOONS MOTORS;;;25065003721;099825006214313;98 B 0062143
AF034;LAMINA INTERNATIONAL;;;;;
AF035;RICER GROUPE;;;;;
AF036;CEL MER;;;;;
AF037;SARL HODNA MITAL;;;;;
AF038;DPIA;;;;;
AF039;TURAL TURK;;;;;
AF040;SARL SOCAD;;;;;
AF041;GLOBAL WIN;;;;;
AF042;SARL DPR COMPANY;;;;;
AF043;EURL HOSNA KAMAL;;;;;
AF044;EURL HAROUNE TRANSIT;;;;;
AF045;EKU FREN;;;;;
AF046;DUROLINE SA;;;;;
AF047;NIHAT UYAR;;;;;
AF048;MSCA;;;;;
AF049;MEARSK LIEN;;;;;
AF050;MARCHELUZZO;;;;;
AF051;DIVERS FR;;;;;
AF052;ATLAS COPCO;;;;;
AF053;KHELFAOUI ESSAID;;;;;
AF054;BOUTICHE AHMED;;;;;
AF055;BATITECH;;;;;
AF056;PERIN SARL;;;;;
AF057;OZGURLER;;;;;
AF058;BUYUK EKER;;;;;
AF059;BOURGHIT A/KARIM;;;;;
AF060;SARL TAHARACHT IMPORT EXPORT;;;;;
AF061;SONELGAZ BEJAIA;;;;;
AF062;TECNOFILIERE;;;;;
AF063;LOKHEN SRL;;;;;
AF064;KARIM TRANS;;;;;
AF065;VDL WEWELER;;;;;
AF066;INTERPUMP;;;;;
AF067;HANDLE GMBH;;;;;
AF068;SIPROF;;;;;
AF069;OMS MAKINA;;;;;
AF071;CAAR;;;;;
AF072;SNC AIT AISSA ET FILS TIGHILT;;;;;
AF073;SNC ALITI;;;;;
AF074;ZENOUD MOKRANE;;;;;
AF075;SPA MILTZER & MUNCH;;;;;
C;;;;;;
C001;AMIMER ENREGIE SPA;BOUHIA SEDDOUK BEJAIA;;06260080710;099706018212732;97B0182127/06.00
C002;BOUAICHI LILA;EL HAD CNE TIMEZRIT;BEJAIA;06070101017;264060700156139;18A1000342 06/00
C003;ABDOUNE ABD-NACER;VGE TAREGRET AIT SMAIL BEJAIA;;06470392086;196806310019828;04A0940548
C004;EURL INJAZ ELJAZAIR MERIAH;RUE FARES BELAHOUEL CITE MOUDJ;MOUDJAHIDINE ORAN;31635673052;001031011163664;10B0111636 31/00
C005;SLIMANI KHALED;BOUSSELAM W SETIF;;19190115100;191191900178197;19/000505295A14
C006;SARL SGCMC INVEST;OURICIA SETIF;SETIF;19371901031;00211900943823219002;08 A 2237950
C007;EURL ABDELMALEK TRANS ANGEL;VGE LAAZIB OUMAMER W BEJAIA;;06017709434;000906018626225;06/00-0186262B09
C008;SARL TRANS AHEDDAD;ZONE URBAINE CIE REMLA BEJAIA;BEJAIA;06019006091;001706018918375;17B0189183-00/06
C009;SNC MOTEUR BLUE ZIANI ET CIE;AKAL ABERKAN EL KSEUR BEJAIA;;06400285537;001906399005730;06/00-0189888B19
C010;BENHENICHE NACER;VGE TIZI LEGHMISS BRAA-EL-KAID;BEJAIA;06450712745;196406450026631;02A0933843.06/00
C011;BENAMARA MOHAMMED;Z-I HASSI MESSAOUD 30500 OUARG;OUARGLA;30040232677;186390200108152;19A0652500
C012;SARL SPL;COOPERATIVE SOBIM LES PALMIERS;ANNABA;23018576429;'001823019005646;18B0366781-00/23
C013;BENLAHBIB MESSAOUD;CITE EL MAAMOURAH LAGHOUAT;;03010306338;180030101433189;03-00/4619923 A04
C014;ZIANI AMIR;VGE RMILA CNE SIDI AICHE BEJAI;BEJAIA;06390350892;198506070004638;06/02-0969142A11
C015;BOUAFIA ABDELBAKI;;CNE KHELLIL W BEJAIA;34200211351;197034200020938;02A2326718.34/00
C016;SARL TERGOU MATERIX DE CONSTR;;;;;
C017;BENSACI MOSTAFA;CNE SIDI EMBAREK;BEJAIA;34100291871;798534030032328;07 A 2337173
C018;SARL AKRAM TRANSPORT;RTE STRATIGIQUE TEBESSA;;12018201497;099712010502053;12/00-0582016B97
C019;BOUHARICHE SALAH;;CITE 212 LOGTS BT01 N51 CNE BE;06010303094;193318240014447;99A0923219
C020;BENSACI TAWFIQ;EL MILIA W JIJEL;;18090317325;182180900465181;18/00-2258398A16
C021;BENKOLAI IDIR;EL KOLAA CNE TIMEZRIT BEJAIA;;06070253617;195106070322839;99A0922180
C022;SAIGH AKLI;BOUMLAL CNE CHEMINI BEJAIA;;06290119750;174062502728106;06/00-5813635A22
C023;SARL MAKIBAT;Z-I RUE BOUMEDAOUI NACER BT F1;BEJAIA;06014403240;0011806018951008;06/00-0189510B18
C024;BOUDJELLID BACHIR;LOTS ISSER BOUMERDES;;35100294020;197835050433723;09A3644618.35/00
C025;BENHADDAD SOFIANE;;VGE AKABIOU CNE TIMEZRIT BEJAI;06070100137;198406070013638;09A0958466.00/16
C026;KERNOUA HOURIA;VGE IMEKHLAF CNE EL KSEUR BEJA;;06400134761;257060200179189;09A095625-01/06
C027;TIDJET FATEH;BASSALA AIT MANSOUR;BOUIRA;10432431202;17606070058211200000;00A0930396-10/00
C028;SAHARA MOTORS;CITE SOKRA RUISSAT OUERGLA;OUERGLA;30050350600;198039020039530;11A0640213-00/30
C029;BENMEUR RABIE;;BENI MELLIL AOMAR BOUIRA;10160484233;197310160005448;07A1432362
C030;BOUYAKOUB ATHMANE;K-EL FOUGGANI TAMANRASSET;;11010341234;19830640000924;09A1018979.11/00
C031;GHEBRIOUA ABDERAZIK;QUARTIER DOKS SIDI AICH;BEJAIA;06390600933;197106070024738;06/00-1006169A19
C032;BOUMEZRAG NOUAR;VGE DJEBLA BENI-KSILA;BEJAIA;06350724451;197606040028438;06 A 0945176
C033;BOUDJAOUI BOUZID;026 RUE MAOUCHI AHMED AMIZOUR;BEJAIA;06020015414;197506020005546;09 A 0958123
C034;BENMESSAOUD AMRANE;;;;;
C035;BENTALEB ABDELKRIM;Z-I HASSI MESSAOUD;OUARGLA;30040232650;19239010213717000000;30/00-0649913A17
C036;CHELLIG ZINEB;EP DRCI BORDJBOUARRAREDJ;;34010506041;296734010108341;09A2342717.34/00
C037;HADJAL MOHAND HOCINE;CITE104 LOG BT C CNE BEJAIA;;06014414121;198716020230439;06/00-5815787A22
C038;ZIANI LAKHDAR;LOTS AKAL ABERKANE ELKSEUR;BEJAIA;06400285539;19106390166010200600;23A5818244-00/06
C039;DJOUMI LOUNES;BOUANDES CENTRE SETIF;;19300342831;195519300171330;98A0420494
C040;DJENNADI NADIR;VGE TISSA CNE SMAOUN BEJAIA;;06120022607;195806120002842;99 A 0922886.06/01
C041;DJENNADI AHCENE;CITE SEGHIR 32 LOGTS N°04;BEJAIA;06015313272;197206120013057;99A0926412
C042;DJENNADI ABDELKADER;VGE TAOURIRT CNE FENAIA BEJAIA;;06070777011;194606120487233;98A0911489-06/00
C043;DJENNADI REYAD;ARAFOU RN°26 AKBOU BEJAIA;;06251703012;197806120006344;01A0931527
C044;DJENNADI ABDELKRIM;CITE 32 LOGTS QRT SEGHIR N°05;BEJAIA;06015313273;197506120022837;00A0930178-06/00
C045;DJENNADI SALEM;VGE TISSA CNE SMAOUN BEJAIA;;06120804966;197006120005647;00 A 0927199
C046;LARBI PACHA FATSAH;;;;;
C047;DJENNADI AMIROUCHE;;;;;
C048;ECTC SPA;11 ROUTE DE STAOUELI CHERAGA;ALGER;16520149961;099816000418921;98B0004189.16/00
C049;EURL DJENNADI TRANSPORT;LOT MERDJI-OUAMANE;N°267 AMIZOUR BEJAIA;06020398335;000706029010064;07B0185525
C050;EURL AMADE EDDINE SABLIERE;61 COOP IMMOB ORAN;;31032903424;000931011056080;09B0110560-31 00
C051;EURL BS COMMERCE;327 HAI ENNOUR BECHAR;BECHAR;08017201165;000308019001852;03B0942693.08/01
C052;EURL HAMMAGUIR COMMERCE;HAI EL BADR PRES DE GENDARMERI;N°193 BECHAR;08017201536;000508019007158;05B0942779-00/8
C053;EURL B.ALI TRANS;VGE IKHERCHOUCHEN AMALOU;BEJAIA;06160159535;000806169019440;08 B 0185968
C054;EURL ASMA CARROSSERIE INDUST;Z.INDUSTRIELLE LOCAL 02 MSILA;;28012502636;000728056295904;07B0562959-28/01
C055;GUERNOUB FATEH;OUED ADDER EL MILIA;JIJEL;18090284530;197718090176223;99A2218156
C056;GHEZAL MED LAZHER;CITE BOUZID W DE KHENCHELA;;40010220128;1965401300015/47;06A2421607.40/00
C057;GOUIRI ABDERRAHIM;RUE DE LA GARE BORDJ MENAIEL;BEJAIA;35050100921;197606010108346;10A3648031.35/00
C058;GUERNOUB MADJID;OUED ADDER EL MILIA;JIJEL;18090249565;196218090004149;98 A 2215551
C059;HARKOUK RACHID;;VGE BOUKELLAL CNE IFLISSEN T-O;15540518561;197015540026141;09A0273818.15/00
C060;HAMIDOUCHE HAMIMI;;VGE IGHIL-NACER IGHRAM BEJAIA;06155828186;197906250059227;09A0956750.06/00
C061;HAY ZAHIR;VGE TALA-OUCHENICHE KHERRATA;BEJAIA;06440025122;197706440048817;99A0920917/01
C062;HAMIDOUCHE TOUFIK;VGE IGHIL NASSER IGHRAM BEJAIA;;06155828189;196706250031537;09A0956540.06/00
C063;HAMOUDI NAGUIM;;VGE ANGOURI KHERRATA BEJAIA;06440025020;199106440001834;10A0962379.06/00
C064;CHOUARFI SALIM;OUED EDHBIH;ANNABA;23018584968;176230101837114;23/00-18584968
C065;HAMDIS BRAHIM;Lot n°11 rue HAMDIS MED CW N°;11 OUADHIA CENTRE TIZI-OUZOU;15360056701;19661536009036;06A0252765
C066;HAMIMED KHEDIDJA;OUED ADDER EL MILIA;JIJEL;18090303745;294618090177031;09 A 2238518
C067;HAOUD ABDELHAMID;BELAIBA;M'SILA;28150877198;197628110021930;04 A 2835444
C068;HAMOUDI BACHIR;VGE AIN SKHOUN;BEJAIA;06016201322;196619300068131;99 A 0922312
C069;IGHLEF KAMEL;CITE REMILA IGHIL OUAZOUG BEJA;;06018802903;197206480043627;02A09338441
C070;IZEM REDOUANE;;VGE IGUER GENDOUZ FERRAOUN BEJ;06030090935;198006340106539;10A0962287.06/00
C071;ICHALALEN MOURAD;;;;;
C072;KERDJA MOURAD;;OUED GHIR BEJAIA;06511733107;197919540175608;02A0933513
C073;KHALDI OMAR;;VGE DAR DJEBEL BEJAIA;06017804772;197606020041541;08A0955269.06/00
C074;HAMIMED KHALED;OUAD ADAR ELMILIA W JIJEL;;18090319115;183180900376146;18-00-2251765 A13
C075;LARABA FATEH;CITE 54 MARTYRS RUE N°106;BORDJ BOUARRAEDJ;34010506655;198234190246719;10A2344590.34/00
C076;LAIMOUCHI ABDELHAKIM;;CITE REMILA BEJAIA -W- BEJAIA;06019617831;197019190078030;07A0949432
C077;LAGOUNE ZAHIR;RUE TEBLAL RABAH EL-KSEUR BEJA;;06400104131;198006010371635;09A0958531.06/00
C078;LALALI ABDELMADJID;;;;;
C079;LIND GAS ALGERIE;;;;;
C080;MAAMAR ABDELHAMID;FERME OUDALI BEJAIA;;06017110313;198206010029442;06A0948105
C081;MEZGHICHE YOUCEF;;VGE MERDJ OUAMANE AMIZOUR BEJA;06020398643;197806020015639;09A0959673.06/00
C082;MAAMAR ABDELKRIM;;FERME OUDALI BEJAIA;06017110314;198306010007153;09A0960520.06/00
C083;MELLOUK ABDELGHANI;01 SOUFIANE MUSTAPHA TELEMECEN;;13040388631;197813010418242;13/00-1356575A09
C084;MELOUI BOUBEKEUR;SEDDOUK CNETRE BEJAIA;;06260016255;156060900083119;00A0927035
C085;MEKLAT ABDELHAKIM;VGE SIDI AHMED SMAOUN BEJAIA;;06120774416;197106120036443;09A095713806-00/06
C086;MOUSSA HAKIMA;;VGE IBACHIRENE OUED GHIR BEJAI;0651016003;898006010548630;10A0963726.06/00
C087;BENLEFKI ALI;BORDJ ZEMOURA;BORDJ BOU ARRERIDJ;35110903355;170340300760159;35/00-3677310A18
C088;MAHMOUDI FATEH;VGE IREZA OUED GHIR;BEJAIA;06510332005;197319010083824;00A0929479
C089;MOKRANE ABDENOUR;DOR OULED BOUDINAR HASNAOUA;BORDJ BOU ARRERIDJ;34190188440;797634199001702;06 A 2334482
C090;BENDJELLILI MAHFOUD;CITE BOUHLOU SIDI AICH;BEJAIA;06390600311;196706230001349;06/00-0972381A11
C091;MERZOUK NAIM;CHORFA W DE BOUIRA;;10172170150;198710170000838;09 A 1436873
C092;MERIMECHE SAMIA EP HAMIMED;OUED ADDER EL MILIA;JIJEL;18090297860;297318090146329;05 A 2231887
C093;LAOUEDJ MOHAMED AMIN;13 RUE MERBAH BENI SAF;TEMOUCHENT;46230663091;198446230034527;46/00-4242323A14
C094;NABET NADIR;DEUX FONTAINE CNE DARGUINA;BEJAIA;06204402862;19610680003156;98A3757190-00/06
C095;NAFTAL SPA DISTRICT GPL DJELFA;;;;;
C096;OUADAH LOUNIS;;;;;
C097;RAHMOUNI MEBAREK;TOUBOU CNE KSOUR BORDJ BOU-ARR;BOURDJ BOU-ARRAREDJ;34220140596;196934220094813;05A2334308
C098;ROUABAH DAOUD;VGE BECHER TAMOKRA;BEJAIA;06060983313;197306060048631;09 A 0958354
C099;SPA AGRODIV LES MOULINS SOUMAM;SIDI AICH BEJAIA;;06390079001;099806018250484;06/07-0182504B98
C100;SAADI NOUREDDINE;;COOP EL RAHMA N°22 BIRTOUTA AL;16340038221;197416010295722;09A4912791.16/00
C1000;MEHDI RAZIK;VGE TAKERABT CNE AMIZOUR BEJAI;;06020377311;198006020051837;02A0933392 06-00
C1001;HAMIMED ASSAM;OUAD ADRAR CNE EL MILIA JIJEL;;18090325950;186180903033156;22A2274177
C1002;EURL TRANSPORT VOYAG.BENACHOUR;COOP FONC EL WAFA BOUNI ANNABA;;23056201093;000423119026057;23/00-0363873B04
C1003;SNC TASGA TRANSPORT LAREF ET C;VGE TASGA TIMEZRIT BEJAIA;;06070450465;000906079002645;09B0186179-06/00
C1004;ZIANI LAKHDAR;LOT AKAL ABERKANE CNE EL KSEUR;BEJAIA;06400285539;19106390166010200600;23A 5818244-00/06
C1005;SARL GROUPE INTELLIGENCE;LOTN° 225 LOTIS14 31051KHEMITI;;31031418013;001631011675259;311/00 0116752B16
C1006;HENOUZ NASSIR;EL-OURICIA - SETIF;;19372044021;182191600301188;09A0477842-00/19
C1007;SARL MBC MELLAH BROTHERS COMPA;CITE SEKRA ROUISSAT OUARGLA;;30050354675;000630012392832;30/00-0123928 B06
C1008;SARL GRANIT NEGOCE TRANSPORT;ZAC TAHERACHT AKBOU W BEJAIA;;06251981022;000506250056161;06-13-0184813B05
C1009;EURL SOSO;CNE ELOURICIA W SETIF;;19372476021;001519009196190;15B0091961-19/00
C101;SIDAL AIR LIQUIDE ALGERIE;;ALGER;16026108005;099916000700759;99B0007007
C1010;SARL STYLE CHENAFI IMPORT EXPO;EL KHARARIB LOCAL N° 01 M'SILA;;28110922196;001428056371647;14B0563716-03/28
C1011;BENNIOU ABDELFATEH;CITE ARFA EL MILIA W DE JIJEL;;18091282075;17618090083515900000;17A2261107-18/00
C1012;BELLAL REDA;CITE MARS EL HADJAR W ANNABA;;23033407016;198123010800839;13A1858442-23/00
C1013;IGOUCIMENE TAKFARINAS;VGE EL KALAA CNE TIMEZRIT BEJA;;06070101227;191063900428137;21A5812602-06/00
C1014;ETB TCE EGTPH SNOUCI ATHMANE;CENTRE DAFFAIRE BIG LOCAL88 4;;06017410043;179060600034175;12A0977162-00/06
C1015;BEY SALAH;SOKRA CNE ROUISSAT OUARGLA;;30050355395;186281100511174;16A0647871
C1016;EURL PROJECTS SUPPLY AND DELIV;LOT AMROUS N°03 BORDJ MENAIL;BOUMERDES;35050065042;000635004651327;06B0046513-35/00
C1017;SNC BOUCHERAI ET CEI GENIMAT;TISSERFIN CNE EL FLAY W BEJAIA;;06430685051;000906018640421;06/00-01806404B09
C1018;SARL FRENGI BETON;;;;;
C1019;SPA AGRODIV UNITE DE KHERATA;KHERRATA W BEJAIA;;06440011329;098319010014742;98B0182504-02/06
C102;SELLAH LYES;VGE AKHENAK CNE SEDDOUK BEJAIA;;06260102651;197906250175912;99A0926602-01/06
C1020;DAHMANI NASER;CITE AISSAT IDIR LOT N°1ADRARE;;01011115095;198508170045821;01/00-4420916A08
C1021;SARL NOUR DHAHNA;ROUTE N24 LOT200 PIN MARITIMES;ALGER;16293590363;001516099060540;15B0990605-16/00
C1022;SPA SET SETIF;ROUT DES ABATTOIRS BP9 SETIF 1;SETIF 1900;19011767171;099919008329067;99B0083290 19/00
C1023;AMROUCH MOHAMED;CITE AL FAHS LOT71LARBAA BLIDA;;09210893214;198109210023050;09/01-4039632 A05
C1024;CONSTRUB-EST;DIRECTION REGIONAL DE BEJAIA;;06014404002;001523036610247;06/03-0366102B15
C1025;HARFOUCHE REDA;VGE MELLALA OUED GHIR BEJAIA;;06510852002;197106010231645;06/00-0991095A15
C1026;TOUAZI DJOUAD;VGE TAKRIETZ CNE SOUK OUFELLA;BEJAIA;06300369225;172062900138132;05A0943306-06/00
C1027;MOUZAIA SOFIANE;VGE SBIHA SMAOUNE W DE BEJAIA;;06120058804;188063901416196;06/00-5810988A21
C1028;ZIANI AISSA;VGE LOTA TIMEZRIT W BEJAIA;;06070100225;197506070075037;10A0966080-00/06
C1029;EURL LOTRAK;HAI SEDDIKIA N34 LOCAL02 ORAN;;31648144034;002031011810285;20B0118102-31/00
C103;SARL TOUABET TRANSPORT;;LOT 12 VGE SUD KHELLIL ARRERRI;34200216871;000734200003173;07B0463584
C1030;SARL ROYAL MATERIAUX DE CONST;IDERAKEN CNE TIMEZRIT BEJAIA;;06070160192;001406018830850;14B0188308-06/00
C1031;BOUDJOU MALEK;VG REMILA CNESIDI AICHE BEJAIA;;06390351414;181063900173171;08A0954682-06/00
C1032;HAMOUCHE AHCENE;CITE DOUANIERE IGHIL OUAZOUG;BEJAIA;06018504181;197806120057921;06/00-0964925A10
C1033;MLA P/C SARL RAYANOX;39 RUEDJENANE EL MALIK HYDRA;ALGER;16038416131;000616097329491;06B0973294
C1034;SARL MERY CARTON;ZONE INDUSTRIELLE CNE EL KSEU;EL KSEUR BEJAIA;06400135283;001506018843190;15B0188431-06/00
C1035;SARL MELOUI CB;RUE 07 MARTYRE SEDDOUK BEJAIA;;06260012339;002306019130291;06/00-0191302-B23
C1036;SARL TRANS BAOUCHI;CARRFOUR 24 FEV BP501 OUARGLA;HASSI MESSAOUD W OUARGLA;TIN 00021229;099830012216090;98B0122360
C1037;SNC ZADDI ET CIE;VGE MAAKEL EL FLAY SIDI AICH;BEJAIA;06430685041;000706439017538;06/00-0185604B07
C1038;REHABI ABDENASSER;LOT SOKRA 01 CNE ROUISSAT;OUARGLA;30050345385;185054300058199;07A0630629-30/01
C1039;MLA / PC SARL RAYANOX;39 RUE DJENANE EL MALIK HYDRA;;16038416131;000616097329491;06B0973294
C104;SARL BERBACHE ET FRERES;29 RUE ATTIL SALAH EL-KSEUR;;06400309821;000506409021939;05B0185007
C1040;ZIANI BILAL;VGE TIGHREMT CNE TIMEZRIT;BEJAIA;06070101149;19306070018412400600;23A5817940-06/01
C10401;SARL MESTFAOUI STP ??;;;;;
C10402;SARL TAMARZOUY LILKHADAMAT;;;;;
C10403;EURL BRIBRA SERVICES;;;;;
C10404;SARL AUTO CLIC;;;;;
C10405;EURL BAIFOUH TRANSPORT;;;;;
C10406;SARL FRERES TIR IMPORT EXPORTS;;;;;
C10407;DERRI ZAHIR;;;;;
C10408;SNC TRANSPORT MDES YACIA FILS;;;;;
C10409;IKHERBANE DJAMAL;;;;;
C1041;NAIT IDIR HICHAM ??;;;;;
C10410;LAINOUS MOHAMMED;;;;;
C10411;BEN SACI ZELIKHA;;;;;
C10412;EURL TRANSPORT DE MARCHANDISES;;;;;
C10413;TIGHILET FATAH;;;;;
C10414;SARL MAZAMAS TRANS;;;;;
C10415;SARL TERGOU MATERIAUX DE CONST;;;;;
C10416;ZIDANE HAMZA;;;;;
C10417;TABOUKOUYOUT SALIM;;;;;
C10418;YOUSFI HAMID;;;;;
C10419;SARL YAYA LOUNIS ET FRERES TRA;;;;;
C1042;BENYAMINA ALI;37RUE AL AKID AMIROUCHE ALKARM;ORAN;31173243614;17131010812436723100;24A5628912-31/00
C10420;BELKESSAM RACHID;;;;;
C10421;IRBAH HAMZA;;;;;
C10422;EURL CHOUHIR SERVICES;;;;;
C10423;SARL GENI MAT;;;;;
C10424;HANIFI SALAH;;;;;
C10425;CHIHI AMAR;;;;;
C10426;SARL ALGERIAN TRUCKS SERVICES;;;;;
C10427;TABOUKOUTOUT SALIM;;;;;
C10428;SARL DEB TRANS (LIV PROD PETRO;;;;;
C10429;GEDDOUCHE ABDELOUAHEB;;;;;
C1043;HAMZI RAMDANE ??;;;;;
C10430;BENSACI AHCENE;;;;;
C10431;AMATA SAID;;;;;
C10432;BENHAMMA AIMRANE;;;;;
C10433;EURL-IRYAHENE CONSTRUCTION;;;;;
C10434;MOKNECHE MOURAD;;;;;
C10435;BENSAID NABIL;;;;;
C10436;SARL SOLID FRAME STEL;;;;;
C10437;TOUIL RABAH;;;;;
C10438;EURL STATION DE CARBURANTS EL;;;;;
C10439;DEBA ALI;;;;;
C1044;SARL MBC;CITE SEKRA CNE ROUISSAT;OUARGLA;30050354675;000630012392832;30/00-0123928B06
C10440;MOKNECHE BADIA (POUR COMPTE) -;;;;;
C10441;D'ETUDE TECH DE SETI;;;;;
C10442;EURL GUESSOUM SERV ENTR GEN;;;;;
C10443;DJOUDI NASER EDDINE;;;;;
C10444;SARL DJILLALI BOUNAAMA DE BRIQ;;;;;
C10445;CHIBOUB LOUARDI;;;;;
C10446;MOUSSAOUI RYAD;;;;;
C10447;SARL FRERES KOUACHI EL FENNEC;;;;;
C10448;BENHADDAD ABDELGHANI;;;;;
C10449;SOLID FRAME STEEL SF;;;;;
C1045;BOUAICHI HANAFI;VGE AKABIOU CNE TIMEZRIT;BEJAIA;06070413453;176060700357175;98A0915901-06/00
C10450;GHEDDOUCHE ABDELOUHEB;;;;;
C10451;HAMRI ABDELLAH;;;;;
C10452;CHEBIRA ALI;;;;;
C10453;TERKI SEDDIK;;;;;
C10454;CHAKER LOUCHENE;;;;;
C10455;MESSOUCI MASSINISSA;;;;;
C10456;BOUHAMMA DJAMEL EDDINE;;;;;
C10457;SALAH MERIMECHE;;;;;
C10458;SNC ASSAGHA MOULOUD CHEBIRA ET;;;;;
C10459;HAMIDOUCHE MAWLOUD;;;;;
C1046;CHABANI MOHAMMED ALI ???;;;;;
C10460;HAMRI ABDALLAH;;;;;
C10461;LOUCHENE CHAKER;;;;;
C10462;BOUAZIZ ARAFET;;;;;
C10463;BOUHAMA DJAMEL EDDINE;;;;;
C10464;SACI YACINE;;;;;
C10465;SARL ESSAFA K F;;;;;
C10466;SARL AMILEX;;;;;
C10467;MERIMECHE SALAH;;;;;
C10468;KRAIMIA FAROUK B ABDALLAH;;;;;
C10469;BOUTAGLIANE NABIL AKABIOU;;;;;
C1047;BOUHADOUZ LOUNIS;VGE TIZI IGHIL OUAZOUG;BEJAIA;06019404529;18806010013511800600;11A0968125-06/00
C10470;SAADAOUI HADJ;;;;;
C1048;ETB-TCE BOUHADOUZ IDRIS;TIZI IGHIL OUAZOUG;BEJAIA;06019404528;178191903282101;07A0948731-06/00
C1049;IAMRACHE AHMED;CITE 510 LOGTS BT 25 N°313;KRIM BELKACEM TIZI OUZOU;15017960231;167150800361137;00A0228616-15/00
C105;SARL GRAIN BENIS;VGE BORDJ-MIRA TASKRIOUT BEJAI;BEJAIA;06310090555;000106310423564;01B0183792.06/00
C1050;YAHIAOUI RACHID;HAI GOUDJIL CNE OUZERA;MEDEA;26020023304;19026010123512302600;18A1762164-26/00
C1051;HARATI DOUADI;VGE BOUGHIDENE CNE BARABACHA;BEJAIA;06340345911;179063400833118;10A0965997-06/00
C1052;SAIDI AMAR;02 CITE ZIGHOUD YOUCEF;CNE BESBES EL TAREF;36182300046;184230107513127;07A3425404-36/00
C1053;EGTPH GRAOUA LAMINE;CITE 20 AOUT 56 4EM LOT N°321;CNE ECHATT EL TAREF;36180218411;159411700032132;01A3416915-00/36
C1054;BOUAMAR BILLAL;LOT AKAL ABERKANE CNE EL KSEUR;BEJAIA;06400343612;18706390242315600600;24A5821662-06/00
C1055;SARL RED MAO SERVICES???;;;;;
C1056;ABDOUNE RAFIK;VGE TAOURIRT LARBAA;CNE OUED GHIR BEJAIA;06511902051;198534140027432;06/00-0997423D17
C1057;MAIZI BOUBAKEUR;;;;;
C1058;EURL EVOLUTION DEVLOP;CITE 17 OCTOBRE LOT 264;B.B.ARRERIDJ;34014123050;00143404650424534001;14B0465042-00/34
C1059;BENAISSA MOHAMED;CITE IGHIL OUAZOUG;W DE BEJAIA;06018507051;181060103354178;11A0972015-00/06
C106;SARL MARMI ET GARANITI;ZI AIN OULMANE SETIF;;19283315041;000819008732839;19/00-0087328B08
C1060;SARL SITRACO;ZAC BORDJ MIRA CNE TASKRIOUT;W BEJAIA;06310420861;002306019139330;23B0191393-00/06
C1061;FERKANE AZEDDINE;VGE ARAFOU CNE AKBOU;W BEJAIA;06252015013;17206250105613900600;24A5821431-00/06
C1062;SARL FRERES BOUKHABATA TPM;PROJET 16 LOGTS COLLECTIF N°01;B. LEGHDIR W B.B ARRERIDJE;34090612270;001234046451186;12B0464511-00/34
C1063;EURL KING ALLIANCE SERVICES ??;VGE IGHIL LAKRAR BNI MELIKECHE;W DE BEJAIA;;002406019154564;24B0191545-00/06
C1064;MESSAST ABDELOUAHEB;LOTISSEMENT N°02 SIDI MEZGHICH;W SKIKDA;21190196041;196321270079426;00A0724323-00/21
C1065;EURL INTELLIGENCE TRANS BT;CITE KHEMISTI CNE BIR EL DJIR;W D' ORAN;31031225011;002431112546590;24B1125465-00/31
C1066;LAHMER TAHAR;CITE EL-HOMRE CNE OUED SLY;W CHLEF;02210206812;18102120169210600200;11A4551660-00/02
C1067;ZIANI ABD-NASSER;VGE TIGHREMTE CNE TIMZERIT;W DE BEJAIA;06071713055;186060700380109;18A1002646-00/06
C1068;SARL DEBOUZ DTLPP;LIEU DIT AGHDIR VGE IRAYAHEN;TALAHAMZA W DE BEJAIA;06330330082;000406018450629;04B0184506-00/06
C1069;ZIANI M'HAMED;VGE AKABIOU CNE TIMEZRIT;BEJAIA;06070172111;181060700448181;22A5815016-00/06
C107;SARL DAIFI FILS;;CNE BITAM BARIKA BATNA;05140920621;099805149143415;98B0222148
C1070;DAHEL BOUZID;COOP IMMOBILIER EL HOUDA N°30;SETIF;19014230021;174194400197170;09A0479683-00/19
C1071;TRAD BOUBAKER;CITE SIDI MESTOUR;EL OUED;39011004899;189390103167476;16A2751362-00/39
C1072;FERROUDJ FOUAD;RUE CHAHID KACI RABAH CNE;OUED-GHIR BEJAIA;06510309153;19806010060219900600;23A5820377-00/06
C1073;ZIANI SEDIK;LDT AMSSALI CNE TIMEZRIT;BEJAIA;06070100094;185060700177128;09A0956345-00/06
C1074;KERNOUA HOURIA TPM;VGE IMAKHLEF CNE EL-KSEUR;BEJAIA;06400134761;257060200179189;09A0956425-00/06
C1075;KERNOUA HOURIA M/C;VGE IMEKHLAF CNE EL-KSEUR;BEJAIA;06016103046;257060200179189;09A0956425-01/06
C1076;TITEM ABDELKARIM;VGE TIZI NEDJABER CNE;BENI DJELIL BEJAIA;06230268152;184062502382103;09A0959634-00/06
C1077;EURL TRANSPORT DE M/SE SERRIR;VGE AIT ISSAD CNE IFIGHA;TIZI OUZOU;15410101085;000315004524973;03B0045249-00/15
C1078;SARL H EL SAADI;RUE 1ER NOVEMBRE CNE EL MILIA;JIJEL;18091317525;002118044396192;21B0443961-00/18
C1079;TAIRI SID ALI;CITE 80 LOGTS LOCAL 01 CNE;AOKAS BEJAIA;06220915003;198316020381529;11A0973598-00/06
C108;SARL POINT NORD AFRIQUE;ROUTE DES AURES N°34;IMEUBLE KASSA BEJAIA;06015401729;000106299001256;01B0183636-00/06
C1080;BOUAMARA HICHAM;EL HED CNE TIMEZRIT;BEJAIA;06070101454;19706390155310200600;24A5823501-00/06
C1081;ZEGHOUDA MOHAMMED;CNE BOUKADIR;CHLEF;02120416401;174482900043113;99A4514878-00/02
C1082;EURL EL MAWADA SERVICES;Z.I HASSI MESSAOUD;OUARGLA;30040212225;002030012604541;20B01045-00/30
C1083;SOUIKI FARID;CNE SIDI MAAROUF;JIJEL;18100253730;18418090356011201800;24A2278155-00/18
C1084;SELLAH FARID TPM;VGE AKHENNAK SEDDOUK;BEJAIA;06260103013;185062500197103;09A0959963-01/06
C1085;DJAALI SOFIANE;VGE BOUSHIL CNE AMALOU;BEJAIA;06160099756;183061600197136;17A0999330-00/06
C1086;ABED AHMED;14 RUE MENAOUER BEN AMAR;ORAN;31604132043;174310107288118;02A0541394-00/31
C1087;YAYA ADEL;CITE IDDERAKEN TIMEZRIT;BEJAIA;06070101439;18706390073013600600;24A5823397-00/06
C1088;SARL TELLI TRANSPORT;AIN BEIDA;OUARGLA;30025004186;000630012386534;06B012386534
C1089;BENSSACI ADEL;OULED ADDAR EL MILIA;JIJEL;18090288330;177180900565104;22A2273555-00/18
C109;SARL MOLINO GRANI;ZAC TAHARACHT AKBOU BEJAIA;;06256000290;099806250808033;98B182651
C1090;SARL GROUPE ELYA§§§;;ANNABA;23010182011;00223036721986;02B0367219-00/23
C1091;KIRED BRAHIM;CITE SIDI MASTOUR;EL OUED;39011009440;183390104139174;19A2758239-00/39
C1092;GUERNOUB RIDHA;TABHIRET EL MILIA;JIJEL;18090325465;192180904312179;22A2273293-00/18
C1093;BOUTAYA EL HANI;EL MILIA;JIJEL;18091315130;169180900244135;19A2265672-00/18
C1094;BEKHIEKH AMMAR;SIDI MAAROUF;JIJEL;18100244770;175181000480141;13A2252277-00/18
C1095;GALOUL MASSINISSA;VGE IGHIL OUTOUAF TIMEZRIT;BEJAIA;06070101160;185063901847183;18A1001291
C1096;SARL YAYA LOUNIS & FRERES TRNS;MAALA CNE SIDI AICH;BEJAIA;06390501061;002106019056349;21B0190563-00/06
C1097;SNC TRANS TALWITH AIT ALI;ABAINOU CNE TIMEZRIT;BEJAIA;06070472046;002306019130699;23B0191306-00/06
C1098;SARL EURODAX TRUCKS;CHELGHOUM LAID;MILA;43031017031;002243032482760;22B0324827-00/43
C1099;GUERNOUB AZIZ;OUED ADDER CNE EL MILIA;JIJEL;18090324065;191180103140128;21A2270158-00/18
C110;SARL LE MOULIN DE TIDJA;VGE TIDJA IGRAM;BEJAIA;06155965031;000506159031840;05B0185084.06/00
C1100;SARL RAYANOX;75RUE CAPITAINE HAMRI W ORAN;;31647500115;001131011239513;11B0112395-31/00
C1101;AMRAOUI LIASSINE;TIMSSILTE VGE TAOURIT ALOUACHE;CNE TIMEZRIT BEJAIA;06070101236;185060700144497;17A0999168-02/06
C1102;IGUER NASSER INHECTION DIESEL;CITE DJAMELVCASTOR N°01 BIS TR;ORAN;31598200013;17916040320214813100;23A5436376-00/31
C1103;EURL UNIVERS ROUTE;RUE DES FRRS OUYOUGOUTE BT A;PROJET 42 LOGTS BEJAIA;06010413414;002406019190988;24B0191909-00/06
C1104;BELKACEMI KAMEL;VGE MELLALA CNE OUED GHIR;BEJAIA;06510464633;19019300126812300601;14A0985172-01/06
C1105;LEGHRIB MOHAMMED;LOT ZAHER CNE EL MILIA;JIJEL;18091307836;18718090134211301800;24A2278429-00/18
C1106;AFIA SOFIANE;VGE TASSEGA CNE TIMEZRIT;BEJAIA;06070100449;190063900906125;11A0974403-00/06
C1107;BOUMANA DJAMAL;RUE 1ER NOV 54 EL MILIA;JIJEL;18090324535;164180901036191;99A2219021-01/18
C1108;EURL HOCINE MADJE EL ISTITMARE;OUED ADDER LOCAL N°01 EL MILIA;JIJEL;18090328220;002418044422343;24B0444223-00/18
C1109;EURL BATI ELSAHRAA;Z.U CITE GHRASSA CL 60GP 456;LOCAL 02 BECHAR;08018108732;001708094318077;17B0943180-00/08
C111;SARL HERITIERS LAOUEDJ;04 ZI BENI SAF;AIN TIMOUCHENT;46232612212;000546239000447;05B5332480
C1110;CHERITI HOCINE;OULED MARGHEM CNE AMOUCHA;SETIF;19270739249;177192700456159;15A0511516-00/19
C1111;LEGHDEMSI MOHAMMED BELKHEIR;CITE 1ER NOV LOCAL N°02 ELOUED;EL OUED;39012002469;19039010396812303901;18A2756728-01/39
C1112;BELAID HAMZA;CITE SIDI AMAR N°62 CNE MEDEA;MEDEA;26017192103;182260101197163;19A1764291-00/26
C1113;CHEBIRA DJAMILA;CITE LA PEPINIERE CNE EL MILIA;JIJEL;18091310370;16918090018615901800;15A2256946-00/18
C1114;BENSACI DJAMALEDDINE;OUED ADDER CNE EL MILIA;JIJEL;18090308170;185180903323128;22A2273192-00/18
C1115;COSIDER OUVRAGES D'ART SPA;AIN OUSSERA;;16151598041;000516097048217;05B097482-00/16
C1116;BENSACI KHALID;OUED ADAR CNE EL MILIA;JIJEL;18190326110;19218090229417101800;23A2274453-00/18
C1117;SARL ZPR IMP EXP;BT N°03 COOP IMMO 119/450 LOGT;IREYAHENE BEJAIA;06018213291;00230601915061606001;23B0191506-01/06
C1118;SPA TEXTILE DIVERS ALGERIE TDA;CNE FENAIA ILMATEN;BEJAIA;06180152001;001716104450959;17B1044509-04/06
C1119;TOUATI EL-HADI;CITE LESTRAD CNE OUZERA;MEDEA;26020935192;175260200229196;22A1770473-00/26
C112;SARL CHALABI AUTO;COOP IMM 1ER NOVEMBRE ZHUN;AISSA MUSTAPHA REGHAIA ALG;16430708111;000516439036241;05B0970620
C1120;HEDROUG HAMOUDA;CITE BERKANI CNE SEDDOUK;BEJAIA;06260060335;17606250224516600600;11A0967865-00/06
C1121;TAFAT ABDELLA;VGE IKHOUCHA CNE TIMIZART;TIZI OUZOU;15080699335;177150800451182;10A0276081-00/15
C1122;MEDIONI MOHAMED;CITE ABDELHAMID BEN BADIS CNE;OULED BENABDELKADER CHLEF;02300023101;163023000001427;13A4559574-00/02
C1123;LARBI PACHA SADDEK;VGE KASANTINA CNE AMIZOUR;BEJAIA;06020135354;18606020022311000600;24A5822371-00/06
C1124;AOUADI KAMEL;CITE DIAR ZITOUNE CNE AZZABA;SKIKDA;21040200309;163210900056121;08A0742313-00/21
C1125;EPE FERROVIAL SPA;ROUTE D'EL HADJAR EL BOUNI;ANNABA;23057604011;099923036261046;99B0362610-00/23
C1126;SNC SALAH PLAST AMROUCHE & CIE;BP 361 ZNE D'ACTIVITE EL KSEUR;BEJAIA;06400135360;000406018453743;04B0184537-00/06
C1127;NETTACHE SAID;CITE BOUAMEUR MAMOURAH;LAGHOUAT;03010307673;186030102542154;06A4621951-00/03
C1128;SNC TIFRA MOHAMED ET FRERES;EL-KHROUB CNE FENAIA ILMATEN;BEJAIA;06180984031;000006018339491;00B0183394-00/06
C1129;BENAMARA CHERIF;DAR DJBEL CNE BEJAIA;BEJAIA;06017740162;176193001279172;10A0966601-00/06
C113;SARL CENTRE COMMERCIAL IL MATH;VGE FENAIA IL MATHEN;BEJAIA;06180161579;099806180805819;99B0182902-06/00
C1130;ATTIA GHOUZALI;TIRESSOUIN IVAHLAL CNE TAZMALT;BEJAIA;06270277080;18206270107815900690;09A0957588-00/06
C1131;KASMI SAHLI;CNE BELAIBA;MSILA;28150884288;186281500153167;22A2890250-00/28
C1132;MESMOUDI KAMAL;RTE NLE N°26 TAGHZOUT EL FLAYE;BEJAIA;06430400209;18106290020116400600;15A0989983-00/06
C1133;SARL AXECHAN;VGE ZRIT CNE TIZI N'BERBER;BEJAIA;06490196202;00160601887927506001;16B0188792-06/00
C1134;BENSACI ZELIKHA;OUED ADDER CNE EL MILIA;JIJEL;18091309530;170180901071166;15A2255680-00/18
C1135;LADJAL FATEH;MECHTA OULED ZEMIRA LOC N°01;BELAIBA W MSILA;28150879902;180281100812115;08A2845103-00/28
C1136;AFIA FATSAH;VGE SOUMMAM VSA CNE FENAIA;BEJAIA;06180010603;19206070003711100600;24A5822425-00/06
C1137;SARL MEZGOUG AHMED TRANSPORT;18 RUE OMAR BOURSSAS CNE KOUBA;ALGER;16188265183;001416099437472;14B0994374-00/16
C1138;CHERIET HICHEM;VGE AGRICOLE OULED BRAHIM;MEDEA;26120873845;19126470050418902600;20A1766215-00/26
C1139;BOUDJEMA MOHAMED;CNE OUZERA;MEDEA;26020935510;18926020004517602600;24A1775121-00/06
C114;SARL LE MOULIN DE TIDJA;;VGE TIDJA IGHRAM BEJAIA;06155965031;000506159031840;05B0185084.06/00
C1140;DERRAS FOUAD;CNE BELAIBA;MSILA;28150882388;180054200982172;11A2856024-00/28
C1141;BOUSSEFRES YASSINE;CNE AMOUCHA;SETIF;19273141051;178192700962101;00A0437943-00/19
C1142;AIDOUD MOHAND SAID;VGE TAKRIET CNE SOUK OUFELLA;BEJAIA;06300414020;196062900092189;20A009223-00/06
C1143;HADJERSI ALI;CITE THENIET LAHDJAR MEDEA;MEDEA;26016421417;18826010435616802600;12A1748249-00/26
C1144;BOUDJEMA BELKACEM;CNE OUZERA;MEDEA;26020979140;183260102952141;20A1766286-00/26
C1145;SARL BOUSTIL RABAH;CITE CHALABI BOUSTIL CNE COLLO;SKIKDA;21100385930;09982101420707621003;98B0142070-03/21
C1146;LAREF KARIM;VGE TASKA CNE TIMEZRIT;BEJAIA;06070100541;174060700711146;11A0970587-00/06
C1147;IHADJAREN SMAIL;CITE AADJROUD CNE AMIZOUR;BEJAIA;06020054605;17906010137012600600;24A5822391-00/06
C1148;EURL ALFATEH SERVICES;LOCAL N°01 CHIKH ELMOKRANI 02;CNE HASSI MESSAOUD OUARGLA;30041741145;001839054428699;18B0544286-00/30
C1149;SNC KINZI YAYA TPM;VGE TAKITOUNT TIMEZRIT;BEJAIA;06070644051;002506019225798;25B0192257-00/06
C115;SARL LAITERIE SOUMMAM;R N 26 TAHRACHT AKBOU BEJAIA;;06251722061;099706250033923;97/B/182039
C1150;ZIOUCHE HAMZA;CNE BELAIBA;M'SILA;28150885154;18828150003116402802;22A2891468-02/28
C1151;SARL ATELIER SERVICES TRUCKS;CITE 1ER NOV OUED EL ALLEGU;BLIDA;09040155651;002209081164267;22B0811642-00/09
C1152;EURL KHIROU SERVICES;BOUTIES CNE EL MILIA;JIJEL;1809032813;002418044421747;24B0444217-00/18
C1153;BENOUARET MOUSSA;08 RUE BOUKHALFA CNE AMIZOUR;BEJAIA;06020339812;18206010565918000600;09A0958291-00/06
C1154;MEDJMADJ BRAHIM;CNE AMOUCHA;SETIF;19277120011;184190201499104;06A0463026-00/19
C1155;SARL MEDJALDI ABDELGHANI & CIE;CNE AIN ELKEBIRA;SETIF;19020233641;002019116215744;20B1162157-00/19
C1156;DJENANE SAMIR;CITE 01 NOV CNE ELKANTRA;BISKRA;07170015932;166250100968123;19A1258701-00/07
C1157;AICHE MUSTAPHA;OULED ZEMIRA CNE BELAIBA;M'SILA;28150862091;18028110048311102800;01A2827614-00/28
C1158;BENZINEB FATMA ZOHRA;CNE OUZERA;MEDEA;26020934757;29126470212418002600;18A1761942-00/26
C1159;BOUKHELKHAL BILLAL;CITE THENIET EL HADJAR N°121;MEDEA;26016400408;18126010240318602601;02A1724065-01/06
C116;SARL AREOLA;;;;;
C1160;SNC TRANSPROMAX ZOUHANI ET CIE;SIDI SAID CNE M'SICNA;BEJAIA;06090021105;002406019171874;24B0191718-00/06
C1161;BOUCHERIT AHMED;TANAFDOUR EL MILIA;JIJEL;18091307630;189180902972104;13A2252565-00/18
C1162;RAHAL NOURREDINE;LOT 06 GR B ZAC-ANI TAGHROUT;BORDJ BOUARRERIDJ;34080141710;16234100009616503405;99A2320034-05/34
C1164;ZOUAOUI SALAH;LDT ABAINOU TIMEZRIT;BEJAIA;06070484721;17206070037119200600;25A5825516-00/06
C1165;LAMOURI LAID;CITE EL SALEM SEC 24 GP 43;BECHAR;08010415325;155450101290196;15A4732517-00/08
C1166;AID NADJIB;CNE KHERRATA;BEJAIA;06440017543;18206440039310100600;08A0955834-00/06
C1167;SARL AMITALMOK;LOCAL 02 LOTS 388 CL 23 GR 254;BORDJ BOUARRERIDJ;34010787763;00173404655730334001;17B0465573-01/34
C1168;SNC SIDI AICH PNEUS KAFIZ &CIE;LDT TISSERFINE CNE EL FLAY;BEJAIA;06430685023;00230601913291406001;23B0191329-01/06
C1169;EURL BEN AMAR TRAVAUX PUBLICS;RUE DE TOUGGOURT;EL OUED;39014107084;099939054227989;99B0542279-00/39
C117;SARL ALL PLAST;;;;;
C1170;SARL STATION OUATAH;DOMAINE AMIROUCHE LIEU DI LOTA;ISSAGHOUREN CNE SEMAOUNE;06120796104;001006129031061;10B0186803-00/06
C1171;EURL LOGISTIQUE TRANSPORT;RUE MUSTAPHA ALI KHODJA N°25;CNE HASSI BEN OKBA ORAN;31198518981;002431112548907;24B1125489-00/31
C1172;YAYA KHALED;VGE MAALA SIDI AICH;BEJAIA;06390600712;198406070000349;15A0992660-00/06
C1173;LAIDANI ABDERREZAK;THENIET LAHDJAR MEDEA;MEDEA;15410101085;000315004524973;03B0045249-00/15
C1174;HABHOUB SOFIANE;VGE TAKLIAT CNE BEJAIA;BEJAIA;06017704343;198106010075633;12A0977822-00/06
C1175;GUESSAYMI MOHAMED;CNE BERROUAGHIA W. MEDEA;MEDA;26470071020;18626470085810102602;08A1735804-02/26
C1176;CHERGUI AMEL;24 RUE HAFSSI BELKACEM;W.SOUK AHRAS;41031700003;277242500332175;09A2525951-00/41
C1177;CHIKER MAHFOUDH???;OUED ADDER CNE EL MILIA;JIJEL;18090314385;183180902703107;14A2254393-00/18
C1178;SARL MONDIAL MULTI SERVICES;CITE BAMENDIL OUARGLA;OUARGLA;30010144996;001730012558145;17B0125581-00/30
C1179;HAMIMED SOULAF;OUED ADDER EL MILIA;JIJEL;18090324930;290180902823145;22A2272229-00/18
C118;SARL NUTRIVAL;;;;;
C1180;EURL GEBECO;Z.I TAHARACHT AKBOU;BEJAIA;06251799015;000906018643433;09B0186434-00/06
C1181;DJANATI TOUFIK;CITE METIDJA, ROUIBA;ALGER;16420300455;170353700413192;08A4854291-00/16
C1182;SNC BENAMANE ABEDLMOULA & CIE;CITE 200 LOGTS EL MERIDJA EL M;JIJEL;18091299040;000818044287991;08B0442879-00/18
C1183;TILKOUT AHCENE;ZONE INDUSTRIEL EL KSEUR;BEJAIA;06400135317;1890639019081146;22A5813783-00/06
C1184;CHETBI ABDELAZIZ;OUED ADDER CNE EL MILIA;JIJEL;18090292890;174180900794150;03A2225905-00/18
C1185;AOUADI SALAH;CITE DIAR EZITOUNE CNE AZZABA;SKIKDA;21040200115;171210400018150;07A0741772-00/21
C1186;REDJIMI EPSE SLAMNA;;;;;
C119;SARL DTLPP;;;;;
C120;SARL STE ELMITHAK DE COMMERCE;ZI DE M'SILA;M'SILA;28060350173;099916056219434;99 B 0562194
C121;SARL HAMOUDI TRANS;VGE TAKHRIBT BP 445 CEDEX 13;BEJAIA;06017801502;000506010582848;05 B 0184951
C122;SARL STAR FRUITS;32 RUE DES FRERES BOUZA BOUFAR;BLIDA;09200621305;000109080368926;01B0803689
C123;SARL TRANSPORT MANSEUR ET FRER;CNE HUSSEN DAY ALGER;;16179226075;000916098084509;09B0980845.16/00
C124;SARL ECI BOUDIAB;11 RUE AHMED BOUMEDA BEJAIA;;06012501237;099506010029439;99 B 182700-06/00
C125;SARL AREGDANE;;VGE BOUHRAOUA N°03 GHARDAIA;47010224717;001047019000553;10B0863115-47/00
C126;SARL SEMOULERIE ZOUAOAOUI ET F;M'SILA ZI BORDJ BOU ARRARIDJ;;34017101513;099834010755325;98B0462054
C127;SARL CARRIERE PIERRE BLEUE;;CNE EL HACHEMIA BOUIRA;10150525400;00021015049257;01B0282635.10/00
C128;SARL FRERES REBAHI;ZAC SOUK EL-TENNINE BEJAIA;;06080102391;000306018424788;03B0184247.00/06
C129;SNC EL HIDHAB MEZADI ET CHERIK;;IRYAHENE TALA HAMZA BEJAIA;06330375003;000806339020838;08B0185908.06/00
C130;SNC FRERES BENZAOUI TPM;;CITE 251 LOTS N°2 AIN ARNAT SE;19261303041;0007119269032535;07B0087123
C131;SNC HAMMICHE&FRERES;;VGE IL-MATHEN FENAIA BEJAIA;06180056210;099306180068425;98B0182658/01
C132;SNC LAMS BBA LAALAMI FRERES;LOTS TAYEB KHEIRA N°12;BORDJ BOU ARRERIDJ;34017106362;09834010443920;98B0462105
C133;SNC ZOUAOUI ET FRERES;;;;;
C134;SNC AIT HELLAL ALLAOUA ET FRER;;;;;
C135;SNC BOUATMANE ET HAMIDOUCHE;VGE IGHIL NACER CNE IGHREM AKB;BEJAIA;;;10 B 0186924
C136;SNC FRERES CHEBBAT TRANS MARCH;OUED ADDER EM MILIA;JIJEL;18090302230;000818099000544;08 B 0442874-00/18
C137;TAOUTAOU ABDELGHANI;TANEFDOUR EL MILIA JIJEL;;18091301500;197518090212240;09A2240609.00/18
C138;TOUATI IDRIS;;VGE TALA AIT-SMAIL BEJAIA;06470362944;196906310003737;09A0957866.06/00
C139;TIZI EL HACHEMI;HAI EL HOURIA LOT 07 N°01;EL ARSA MOTAGANEM;27012307014;197206010047050;10A3936415.27/00
C140;TEI AHMED;BT EPLF LOCAL N37 H HAMOUDI;SKIKDA;21379966113;196939130072619;98 A 0712949
C141;TOUAK RAFIK;VGE AIT YAHIA ADKAR;BEJAIA;06240432260;198506240006635;07 A 0950719
C142;TARAFT DJAMEL;;;;;
C143;YOUDJEAOUD MADJID;;VGE AIT AD ALLAH ILLITEN T-OUZ;15330340138;198515330000639;08A0266599-15/00
C144;YAHIAOUI SMAIN;TAHER JIJEL;;18050172817;196718050049727;97A2210646/01
C145;YAZID FARES;VGE TIXTER BORDJ BOURRAREDJ;;34260116681;197934080105139;09A2342244.34/00
C146;ZENAD LOUNES;ADEKAR CENTRE BEJAIA;;318260;194206240000358;98A0915683
C147;ZEGHLACHE DJAMEL EDDINE ENNACE;RUE BRISE DE MER BEJAIA;;06011750920;196219010104155;08A0956015.06/00
C148;NAFTAL DMR ORAN;;;;;
C149;BOURDACHE SAMIR;RUE TITOUH SALEM TAZMALT;-W- BEJAIA;;198206270118042;11 A 0971010.06/00
C150;SNC AZOUZ ET BENSAHNOUN;LOT METIDJI GUENDOUZA AKBOU;-W- BEJAIA;06255330924;001006259030940;10 B 0188920 .06/00
C151;CHOUALI DJAMEL;;;;;
C152;AIT BRAHAM MOHAMED;OUZELAGUENE -W- BEJAIA;;06360641301;140063602489111;98 A 0912230.00/06
C153;MESSAOUDENE DJAMEL;;;;;
C154;BELLOUT BRAHIM;RUE LARBI TOUATI AKBOU, BEJAIA;;06258003993;197926210040924;10 A 0966844.06/00
C155;HANNIT LAAZIZ;;;;;
C156;SALHI ARROUDJ;;;;;
C157;BOULARAS ABDELHALIM;;;;;
C158;KHERDJMIL FARID;;;;;
C159;AIMENE ATHMANE;;;;;
C160;SNC NOUR MERIMECHE ET FRERES;;;;;
C161;BOUCHAHLATA ZOHRA;;;;;
C162;SNC NASRI ET CIE SERVICES;;;;;
C163;CHOUIDIDA MOKHTAR;;;;;
C164;SNC CHABI ET SAIDI;CNE BOUZEGUENE W TIZI OUZOU;;15342013022;000915004748230;09 B 0047482-00/15
C165;"SARL DEBBOUZ ""DTLPP""";;;;;
C166;BARKA KHALED;;;;;
C167;CHEKROUNE YACINE;;;;;
C168;KHOUDRI SOFIANE;;;;;
C169;EURL L'EMAIL DU GRAIN D'OR;;;;;
C170;CHIKHAOUI SAID;;;;;
C171;SNC FRERES AFFANE;EL OURICIA SETIF;;19372398031;001019370022263;19/00-0088665B10
C172;EURL YAIAOUI TPM;;;;;
C173;BOUZEKRI NABIL;;;;;
C174;CHIKHOUNE ZAHIR;;;;;
C175;BENNACER ABDELMALEK;;;;;
C176;KARDJA BRAHAM;OUED GHIR BEJAIA;;06519511441;195719300001543;98A0920327
C177;BRAHIMI BRAHIM;;;;;
C178;FERDJALLAH ABDERAZAK;;;;;
C179;ALOUACHE SEDDIK;;;;;
C180;MERIDJI ABDELBAKI;;;;;
C181;SELLAMI ESSAID;;;;;
C182;RABAHI CHOULI;;;;;
C183;HAMMOUDI AMOR;20/08 HOUARI BOUMDIENNE;SETIF;21012514003;193819180129235;01/0437395 A 00
C184;MIHOUBI SAID;;;;;
C185;BENDAIRA TOUFIK;;;;;
C186;ZEGGANE BELKACEM;;;;;
C187;SNC TRANSPORT HADJI ET FILS;;;;;
C188;AICHOUCHE NOUREDINE;;;;;
C189;BOUFERKAS SAID;;;;;
C190;MEKAHLIA ABDELADIM;;;;;
C191;HAMI MEHREZ;;;;;
C192;SARL TRANS FAID;CITE CNEP 96 LOGTS BLOC D1;AAMRIW BEJAIA;06014504941;001006019032554;10 B 0186908-06/00
C193;AZOUM IDIR;;;;;
C194;MAHMOUDI ABDELHAKIM;;;;;
C195;SARL ETPB SLIMANA;;;;;
C196;CHEBIRA TOUFIK;CITE PEPINIERE EL MILIA;JIJEL;18091302020;181180901449145;10A2242041-00/18
C197;BAHRI ABDESSELEM;;;;;
C198;SELIMANI AZEDDINE;;;;;
C199;BERIAHI SOMIA;;;;;
C200;GHANEM MOHAMED ZOUBIR;CITE 20 AOUT 1956 ECHAT;EL TAREF;36180520570;161390700004148;11A3431924.36
C201;BNP PARIBAS EL-DJAZAIR;;;;;
C202;BELARBI TAYEB;14 BD MUSTAPHA HAKIM;SKIKDA;21011382011;1950211010095441;01A0073687-21/02
C203;EURL TERRENO TRANS;RN 26 TAHRACHT AKBOU;BEJAIA;06252479112;000806018612572;08B0186125-00/06
C204;RABHI CHOULI;COMMUNE OUELED IBRAHIM;W SAIDA;20140209376;194820140041249;00A3715903
C205;AZIZ HAKIM;AZOUGHAR FREHA W DE TIZI OUZOU;;15040012837;198615040017536;15/01-0305365A13
C206;SGA LOCATAIRE;16105 RUE DE CONSTANTINE;BIRKHADEM;;099916040643034;
C207;SARL GROUPE BENHAMADI ANTAR;ZONE D'ACTIVITE REUTE DE MSILA;BORDJ BOU ARRERIDJ;34014203792;000234046277228;02B 0462772 34/00
C208;SPA TRAVOCOVIA;ZONE INDUSTERIELLE RTE M'SILA;BORDJ BOUARRARIDJ;34017101531;09993401114627;99B0462280.34/00
C209;BOUCHELAGHAM FAROUK;VGE DAR-DJEBEL BEJAIA;BEJAIA;06017801603;197506010410644;11A0967743.06/00
C210;NAFTAL ZONE GPL BOUIRA;;;;;
C211;NAFTAL GPL BEJAIA;;;;;
C212;NAFTAL SPA BRANCHE GPL;05 HAMEUG IDIR MOHAMMADIA;EL HARRACHE ALGER;;098842280008828202;99B9691
C213;HERBIL LAID;CITE 506 LOT N°427 AIN ARNEF;SETIF;19262657703;197206220007739;10A0482701-19/00
C214;ARAB LEASING CORPORATION SPA;AHMED OUAKED DELY IBRAHIM;ALGER;06233862072;000216001836863;0018368-B-02
C215;AMZAL NADIR;VGE BOUHAMZA CNE BOUHAMZA;BEJAIA;06370800855;198406370037330;11A0972349-06
C216;SAHNOUNE HAKIM;VGE CHIKHOUNE OUZELLAGUEN;BEJAIA;06360210801;197806250291716;10A0966542-06/00
C217;LALAOUI MAHMOUD;09 ROUTE DE SITIF BEJAIA;;06012301372;143065104829168;98A0913732
C218;SARL HODNA STEEL;RUE KOUDJA BRAHIM N°07 M'SILA;;06B0562895-28/00;;06B0562895-28/00
C219;BENHADDA DJILALI;;;;;
C220;HAMOUCHE FAYCAL;VGE IRYAHEN TALA HAMZA;BEJAIA;06330377054;198606010020349;05A0942531-06/01
C221;MOUSSAOUI LAHCENE;VGE BIRSLAM BEJAIA;;06018203097;196506310033833;98A0916732/05
C222;CHIKOUNE LYAES;VGE DIDOUNE OUZELLAGUEN BEJAIA;BEJAIA;06360210521;198406360035725;10A0965811-06/00
C223;MEKLAT YACINE;SIDI AHMED CNE SMOUNE BEJAIA;;06014402282;197906120026045;11A0971336.06/00
C224;ZIANI NACER;VGE OULMANE CNE TIMZRIT;;06070100321;197706070044728;11A0968964.06/00
C225;TOULA HACHEMI;VGE IGUER GUENDOUZ CNE FRROUNE;;06030090505;197006340015933;11A0972608-06/00
C226;MAHFI TOUFFIK;VGE TISSERA CNE TAMOKRA BEJAIA;;06066161091;197906060030439;11A0967651-06/00
C227;AYADI NASREDDINE;VGE MECHETA TLATA CNE TAHER;JIJEL;18050100322;196616130095818;98A2215503
C228;TILKOUT LYES;;;;;
C229;ZIDANE ABDENOUR;VGE IHDDADEN BEJAIA;;06019610195;197506480010535;10A0965976-06/00
C230;BRIKH HALIM;VGE TIGHILT SEMOUN BEJAIA;;06120014563;198006120048340;11A0969325-06/00
C231;AIT BESSAI MALEK;VGE GUENDOUZA AKBOU BEJAIA;;06251899512;197006250028635;11A0969849-06/00
C232;CHAOUATI BOUKHALFA;VGE ARAFOU BEJAIA;;06258004126;198006250421832;11A0970259-06/00
C233;SARL NATIONAL EXPRESS TILKOUT;PLACE DU MARCHE SIDI AHMED;BEJAIA;06015607563;000806019033939;08B0186129-06/00
C234;TITOUAH MAAMAR;VGE TINSIOUINE IVAHLAL TAZMALT;BEJAIA;06271791035;182062700878156;11A0968350-06/00
C235;HAMOUCHE DJRBAR;;;;;
C236;HADJBI KARIM;VGE M'LIHA CHELLATA BEJAIA;;06050194591;198106250215635;11A0972207-06/00
C237;SARL EASY WORLD;VGE TALA TAGOUT THINBDER;BEJAIA;0610092538;000906109010356;09B0186275-06/00
C238;BELABBES YOUCEF;HAI CASTOURS SIDI ALI MOSTAGAN;;27120105371;198227120030931;10A3937512-27/00
C239;HANAIZI NADIR;VGE ADEKAR ADKAR BEJAIA;;062403119941;198106140028831;11A0973349-06/00
C240;ABDELMOULA ABDELFETAH;010 PONT BOUBARBARA ABDELHAFID;CONSTANTINE;25014295061;197618090212925;06A0345515
C241;SADOUDI ABIR;;;;;
C242;KASMI FARID;CITE ZAOUECHE TALA MARKHA;BEJAIA;06017303604;197819540146712;10A0966375-06/00
C243;DJENNADI NAGUIB;VGE TIZI SMAOUNE BEJAIA;;06120804405;197806120012738;00A0930435
C244;SARL FILS BENSAADA TAYEB;RUE BELHADJ ABDELMOUMENE;FILLAOUCENE TLEMCENE;13200970398;000813026373620;13/00-0263376B08
C245;IGHEMOURACENE SALIM;N°112 CITE SIDI LAHCENE;03 BABA AHCENE ALGER;16550646443;172160202939142;16/00-4936542A14
C246;SARL TRANS KJZ;VGE TAKOURABT IGHIL ALI;BEJAIA;06171309075;000806179029535;06/00-0186074B08
C247;BERRAHAL BELKACEM;CITE 60 LOGTS HASSI MAAMECHE;MOSTAGANEM;27061871011;198227050065723;10A3937447-27/00
C248;SARL TRANSPORT IKHFYENE;VGE TIZI SMAOUN BEJAIA;;06130033154;000606129002455;06B0185105-06/00
C249;SPA CONDOR ELECTRONICS;BBA;;34014203792;000234046277228;02B0462772 00/34
C250;BRIKH ABDELAZIZ;VGE SIDI AHMED;BEJAIA;06120063901;197716130185620;11A09690660-06/00
C251;DJAIDJA MEFTAH;CITE EL BASSATINE TARMOUNT;M'SILA;28050993116;198028030096523;11A2856916-28/00
C252;MAKHLOUFI DJILALI;VGE IMEKHLAF EL-KSEUR;BEJAIA;06400134465;197706400054921;10A0966732-06/00
C253;BENAZZOUZ YAZID;VGE IAZOUZEN CNE M'CISNA;BEJAIA;06090595658;197606260047919;11A096006-06/00
C254;DJOUDI SMAIL;SEROUAL OUED GHIR;BEJAIA;06510741141;198419300092031;11A0972895-06/00
C255;MEZGHICHE SAMIR;VGE MERDJ OUAMANE AMIZOUR;BEJAIA;06020390644;197506020028147;10A0966183-06/00
C256;SNC AZIB BACHIOUA;VGE TAKLIET DRAA EL-KAID;BEJAIA;06450015074;001006018665621;10B0186656-06/00
C257;BELKACEMI KHELAF;VGE AGUEMOUN CNE TAOURIRT;BEJAIA;06040324701;19610604002357;11A0970349-06/00
C258;AMEUR KHELLAF;VGE LAAZIB CNE OUAD GHIR;BEJAIA;06511838531;197319300067329;11A0973603-06/00
C259;MESSAOUD GUERNI MOHAMED;EL-HAMRA MANSOURA;BBA;34040301701;198334040692127;11A2348003-34/00
C260;AYACHE SOFIANE;CITE BENGUEDOUAD SAID MANSOURA;BBA;34040301700;198334010668816;11A2347951-34/00
C261;YOUCEF FATAH;;;;;
C262;SARL VOLCANA CONSTRUCTION;40.COOPERATIVE EN NAHDHA;BIR KHADEM ALGER;16128002412;000616097313051;06B0313790
C263;EURL ERBTPH CHAIBI;ROUTE DE KADDOUS BIRKHADEM;ALGER;16128140023;001216129016547;12B0989544-16/00
C264;HAMMADACHE ABDELKRIM;VGE MAHFOUDA BOUHAMZA;BEJAIA;06370555013;197706370064620;11A0968844-06/00
C265;SARL G B F D F L;RUE SAFRANI MOHAMED ATTATBA;TIPAZA ALGER;42360486911;000342052298932;03B0522989-42/00
C266;BENKHELAT SALIM;VGE AZEGHAR AKBOU BEJAIA;;06252278023;197606250278225;12A0976120-06/00
C267;BOUCHIBAN AZZI FADILA;AIT IDRISS CNE TASKRIOUT;BEJAIA;06310350266;297206440004930;09A0959277-06/00
C268;ALOUI LYAZID;;;;;
C269;OUACHOUR AHCENE;ALAGHEN TAZMALT BEJAIA;BEJAIA;06271010080;198006250337335;11A0972785-06/00
C270;SARL POULINA;CITE 32 LOGTS QUARTIER SEGHIR;BEJAIA;06015303822;000806018579431;08 B 0185794-06/00
C271;MOURI KARIM;SIDI HADJ AHCENE CHEMINI;BEJAIA;0629243601;198406250306926;11A0971975-06/00
C272;BOURBIA YOUCEF;CITE T'HAR EL-MILIA JIJEL;;18091287205;198018210176134;10A2241194
C273;EURL YAHIAOUI ATHMANE;;;;;
C274;BENZIOUCHE TAMEUR;CNE SIDI EMBAREK BBA;;34100286761;197734010160729;04 A 2330249
C275;SARL BOUGIE TRANSPORT;;;;;
C276;ZIANI KOCEILA;VGE TIGHRAMT TIMEZRIT BEJAIA;;06071713056;199006070024931;13A0979951-06/00
C277;LEFKI ABDELGHANI;CNE CHOURFA BUIRA;;10172176077;197710170058626;10A1440711-10/00
C278;KADIS AIT BENAMARA ET CIE;ZAC SEC41 N°915000 ROUTE ALGER;TIZI OUZOU;15011716071;000815019018545;08B0047186-15/00
C279;SPA SIFAG;ZONE DEPOTS 15000 TIZI OUZOU;;15011750011;090015010050740;98B042261
C280;LAOUAR ASSIA;HAMA BOUZIANE CONSTANTINE;;25029911121;297625010905336;08 A 0351401-25/00
C281;SARL FRIGO STOUCK;CITE IDERAKEN TIMZRIT BEJAIA;;06070160906;000706018558374;07B0185583-06/00
C282;HAMDANI ZAHOUA;TAKRIETZ SOUK OUFELLA BEJAIA;;;;
C283;AMATA RIAD;OUED ADDER EL MILIA;JIJEL;18090295235;197518090220436;03A227609
C284;BOUSSOUF MOHAMED;EL MACIEF EL MILIA;JIJEL;18090298470;198018090224435;06A2232914-18/00
C285;SARL GRAND SOURCE D'ARAFOU;CNE CHOURFA BOUIRA;;10170178075;00810179008250;04B0282975-10/00
C286;AMMOURA AMAR;SIDI ALI AKBOU BEJAIA;;06155818014;196706250038824;05A0944020-06/00
C287;ZOUAGUI HAMOU;10 RUE LAAGAB SAID EL KSEUR;;06400053409;197706400044923;11A0973165-06/00
C288;SACI MOUSSA;VGE REKADA FENAIA;BEJAIA;06180740845;198606010548136;17A0997778
C289;DOUCEN MOHAMED;VGE AZAGHAR AKBOU BEJAIA;;06258004057;197806250358912;11A0968740-06/00
C290;MAZA BACHIR;04 FG DES DES GARDINS 70 LOG;BORDJ BOU ARRERIDJ;34010507558;197434150032241;11A2347837-34/00
C291;BOUAMAR AZEDDINE;CITE IMADALOU SIDI AICHE BEJAI;;06390600280;197906390079119;11A0970073-06/00
C292;ZERAR ABD ELKADER;592 CITE 630 LOGTS BLOC AKS;CHELEF;02018303362;797002129000920;77 A 4551368-02/00
C293;SARL HAM STONES;;;;;
C294;LA FLECHE BLEUE ALGERIENNE;HAMROUCHE HAMOUDI W SKIKDA;;21379978045;000421014304088;04B0143040-00/21
C295;MOUDACHE MAAMAR;;;;;
C296;AIT SAID MOHAND TAHER;;;;;
C297;NEKAR ALI;;;;;
C298;CHELAGHA ABDERAZEK;VGE BOUADNI SEMAOUNE BEJAIA;;06120201512;197406120038634;06/00-0980963A13
C299;LEBGAA MOHAMED;CITE BENAMEUR HOCINE MANSOURA;BBA;798334059004216;34040301862;12 A 2350939 00/34
C300;ZAIDANI ALI;VGE TIZI IGHIL OUAZZOUG BEJAIA;;06019508361;198206010003844;07 A 0950904
C301;AZOUM IDIR;VGE REDJAOUNA TECHT TIZI OUZOU;TIZI OUZUO;;;
C302;MIHOUBI SAID;CNE SIDI EMBAREK SIDI EMBAREK;BORDJ BOU ARRERIDJ;;;
C303;CHEURFA SALIM;CITE OLIVIERS AKBOU BEJAI;;06258004113;197806130002837;10A0967083-06/00
C304;BENYAKLAF HICHAMI;RUE BOUHASSOUNE MOHAMMED;TLEMCEN;;;
C305;BENALI FAHIM;CHURFA CNE CHEURFA BOUIRA;BOUIRA;10172176390;198115770030049;11A1443383.10/00
C306;MESSIOUNI ZAHER;VGE TAKITOUNT TIMZRIT BEJAIA;;;;
C307;AMARA YAZID;VGE EL HAMMA CNE KSOUR;BORDJ BOUARRZRIDJ;34220140889;198334110041145;10A2345940-34/00
C308;MELLAH MILOUD;CNE EL MEHIR;BORDJ BOU ARRARIDJ;34050201326;198134050014442;08A2339235.34/00
C309;ZIRI AISSA;VGE IKHERVANE TAZMALT BEJAIA;;197806270008041;06272644013;11A0974156.06/00
C310;KADRI ABDELBASSAT;CITE DES 300 LOGTS HOUARI BIUM;SETIF;19771928029303;19017976091;11A0489475.19/00
C311;EURL MOUZAOUI BOUYAKOUB;37 CDANT CHERIF YAHIA N°288;SENIA ORAN;31054867021;000731059006056;07B0109355
C312;BOUZEBRA DJAMEL;VGE BOUKHALFA CNE AMIZOUR;BEJAIA;06020427832;198206340011835;10A0965236-06/00
C313;SARL BERFAT TRAVAUX;05 CITE ABDELHAMID BENBADIS;ZEMOURA RELIZANE;18120021710;01148129004348;11B0163019-48/00
C314;DERROUICHE MAHMOUD;VLLAGE TIMIZART;TIZI OUZOU;15080701240;175150800133188;15/000262155A11
C315;KOUAHI ABDELHALIM;OULED MANSOUR TAHER JIJEL;;18050064541;197718050083327;11A2243929-18/00
C316;BELKESSAM SAMIR;VGE BOUBROUN AZAZGA;TIZI OUZOU;06120034512;197515010699420;08B018585812
C317;SARL V.G.M.C;49 FG DES JARDINS RUE 'M';BORDJ BOU ARRERIDJ;34010506677;001034019003065;10B0464025.34/00
C318;GACI ADEL;COMMUNE CHORFA;BOUIRA;10172177057;197910170021049;11A1443384-10/00
C319;DRAFA ABDELKADER;SED RAHAL DJELFA;;;;
C320;DAMMENE DEBIH MOUSSA;OULED ZOUAM OUM EL BOUAGHI;;04811022105;197904200012641;11A2040260.04/00
C321;AOUACHENNI BOUALEM;CITE EL GHERIANA TEXANA;JIJEL;18241890011;198006360009731;09A2240030-18/00
C322;BOUANANI MOHAMED;RUE A.N.P.CITE RMADINE TINDOUF;TINDOUF;37010020253;197521010600841;11A3214490-37/00
C323;BOUKIR ALI;CITE SIDI ALI AKBOU BEDJAIA;BEJAIA;06258004076;198106250124929;11A0967598-06/00
C324;AYACHE HAKIM;HAI BEN GUEDOUAD MOHAMMAD SAID;BORDJ BOU ARRARIDJ;34040301279;198534040038627;08A2341564-34/00
C325;DRIHEM ABDERAHMANE;CITE 778 N628 SIDI AMAR ANNABA;;23110775503;197439010078620;03A1828511
C326;MADJIDI AHMED;VGE TALENDJAST BOUKHLIFA;BEDJAIA;06480413202;1974061100542443;11A0971139-06/00
C327;SARL SOCIETE TREFILERIE SOUMMA;ROUTE DES CONCESSIONS;BEDJAIA;06013901503;099906010790913;99B182806
C328;BOUGUERMOUH NABIL;;;;;
C329;BEKHOUS RABAH;OUZELAGUEN BEJAIA;;06360456218;198406360003635;11A0969509.06/00
C330;DJOUDI HOCINE;VGE EL FLAYE CNE EL FLAYE;BEJAIA;06430400036;197306430047333;09A0956459-06/00
C331;EURL COMPLEXE AGRO-ALIMENTAIRE;ZONE D'ACTIVITE EL-KSEUR;BEJAIA;06400136111;000406409030841;0184796B05
C332;AMICHI FADEL;VGE SMAOUNE CNE SMAOUNE BEJAIA;;06120025604;198515500109334;10A0965714.06/00
C333;REDJAL OMAR;SIDI AHMED CNE SMAOUNE W BEJAI;;06120061302;197306120047732;11A0971755.06/00
C334;MENNI IDIR;VGE GUENDOUZA AKBOU BEJAIA;;;;
C335;EURL MOULINA;ZONE INDUSTRIELLE EL-KSEUR;BEJAIA;06400130350;000606400840945;06B0185333
C336;ARBOUZ BOUALEM;CITE BOUR OUDERGUINE KHERATA;BEJAIA;06440020196;198406440115336;11A0971441-06/00
C337;BAHLOUL ABDERZAK;VGE IHDDADEN LAAZIB OUMAAMAR;BEDJAIA;060177081141;19820601010107349;09A0958173.06/00
C338;SNC AYOUB ET BOUBATTACHE;VGE BENI ABOULA AIN LAGREDJ;W BESETIF;19130372605;000019139002455;00B0083599.19/00
C339;ACHAT SAMI;CITE HACHEMI RUE LAID NAHAOUA;SETIF;19018584021;197806390088119;12A0493626-19/00
C340;EURL RENAULT TRUCKS ALGERIE;Z.A EL-ACHOUR LOT 265-16403;ALGER;000216001879706;000216001879706;02B0018797-16/00
C341;EURL RENAULT TRUCKS ALGERIE;Z.A.EL-ACHOUR LOT265-16403;ALGER;16520561176;000216001879706;02B0018797-16/00
C342;FETTOUS MOHAMED;VGE REMILA SIDI AICHE BEJAIA;;06390357202;196106070004156;05A0944295
C343;BACHIR KHELAF;;;;;
C344;ETB PI CHIKER ALI;SIDI ALI LEBHER W-BEJAIA;;06018203731;001006018693943;06/00-0186939310
C345;SARL TRHBS;30 RUE DE TRIPOLI HUSSEIN DEY;ALGER;16170215042;000916179022049;09B0980317-16/00
C346;MADI ALLAOUA;VGE IGHIL OUAZZOUG BEJAIA;BEJAIA;06017504132;196306480000717;98A0916964-06/00
C347;SAKER AISSA;VGE BOUZEROUAL AKBOU;BEJAIA;06258004210;198710010270830;11A0972271-06/00
C348;ZEGGANE M'HAND;CITE DES 14 FUSILLES.C TAZMALT;BEJAIA;06274105018;198406270051334;11A0971743-06/00
C349;SARL AKBOU PLASTIQUE;ZONE D'ACTIVITE CNE AKBOU;BEJAIA;06256000071;000006018341467;00B0183414-06/00
C350;BENHANICHE DJAMEL;VGE DRAA EL CAID BEJAIA;;06450050276;1983064550144429;10A0966036-06/00
C351;BENBOURNANE NAIM;OUZELLAGUENE W BEJAIA;;06360052423;197706360017922;11A0972853 06/00
C352;ARABI SOFIANE;;;;;
C353;HANAIZI NADIR;ADEKAR CNE ADKAR BEJAIA;BEJAIA;06240319941;198106140028831;11A0973349.06/00
C354;BOUHAOUYA NOURDDINE;MECHTA HAMARA CNE TEXANA JIJEL;;18017901919;197018240012346;98A2215693
C355;HASSAINE BENALI;;;;;
C356;ZIDANE MOURAD;;;;;
C357;ALOUANE FODIL;31 RUE 01 NOVEMBRE 54 KERKERA;SKIKDA;21120875027;197121120146833;99 A 0720982-21/01
C358;MECHERI SAID;CITE 196 LOGTS N°:1191 TINDOUF;TINDOUF;37010090234;197015010440642;11A3214595.37/00
C359;SFACENE ALLAOUA;001 SFACENE AHMED EL-KSEUR;BEJAIA;06400136364;193606180032346;99A0921507-06/01
C360;BEDDAR LYAMINE;VGE SEDDOUK OUADDA;BJAIA;06260260555;197806260015239;
C361;BOUFALA ABDELAZIZE;VGE IKHERBANE CNE TIMZRIT;BEJAIA;06272457004;196306270003935;11A0973563-06/00
C362;KEROUCHE YOUCEF;AIT ARZINE BJAIA;;06287517030;197706170050924;11A0971373-06/00
C363;OUHADDAD FARID;VGE IGUER-OUSLENE BARBACHA;BEJAIA;06340255013;197806340056230;11A0973711-06/00
C364;MEBARKI ABDESLAM;OULED SIDI OMAR CNE SIDI-EMBAR;BBA;34100296131;197734200018827;11A2349436-34/00
C365;DJAHED KARIM;IFREN CNE AKBOU BEJAIA;BEJAIA;06258004020;198306250309042;11A0967357-06/00
C366;IHADADENE SAMIR;CNE CHORFA W BOUIRA;;10170100251;198110370100251;09A1437272-10/00
C367;EURL TRANSPORT FLY;CNE EL-FLAY BEJAIA;;06430681759;000606018534002;06B0185340-06/00
C368;THAMOUNE GHILAS;TAKRIET;;;;
C369;SPA BRASSERIE STAR D'ALGERIE;Z.I EL-KSEUR BEJAIA;;06400135331;000506400035365;05/B/0184825 06-00
C370;AROUL FAHEM;IHDDADEN BEJAIA;;06019612233;19900610101747;11A0972392-06/00
C371;ARIOUAT ABDELAZIZ;SIDI AHMED BEJAIA;BEJAIA;06015401937;197606010127343;07A0948905
C372;SARL ERIBOUSA;VGE TAOURIRT BENI-MAOUCHE;BEJAIA;06500544155;001006509023546;10B0186812-06/00
C373;DJOUDI MESSAOUD;EL FLAY SIDI AICH BEJAIA;;06430603220;195219540024533;12 A 0975106-06/00
C374;KHELOUAT BOUAMAMA;AIN EL HADJAR W SAIDA;;20030869574;161200300014150;11 A 3728416-20/00
C375;SARL LAOUINI ET FILS;CITE CHOUHADA;EL OUED;39010105061;000239010753845;02 B 0542557/01-39
C376;OUMAKHLOUF DJEBAR;VGE IMAKHLEF CNE EL-KSEUR;BEJAIA;06400139959;197206010371047;11 A 0971363.06-00
C377;AZZAR SAID;VGE BOUMELLAL CNE CHEMINI;;06290119011;19690620047229;12 A 0977564-00/06
C378;AOUINAT CHAOUKI;CITE 1ER NOVEMBRE H.KHALIFA;EL OUED;;197739010399903;11 A 2739324-00/39
C379;SARL ECOGRAIN;ZA OUELD MOUSSA BOUMERDES;;35201847031;000635209012644;06B0724731/01
C380;SARL TRANSMUS;;;;;
C381;SAYAD ABDELLAH;;;;;
C382;KRIM NADJIM;;;;;
C383;HANI MOHAND OUCHABANE;;;;;
C384;OUKHALED YASSINE;;;;;
C385;SARL SADJI AHMED ET FILS;IBOUHATMENE RTE D'UNIVERSITE;BEJAIA;06016101472;000206010425763;02B0183914
C386;BENSACI MAKHLOUF;CITE LEMRIDJA EL MILIA JIJEL;;18091298385;198118090053039;07 A 2235400
C387;BOUCENNA NEDJET;EL MILIA JIJEL;;18090266605;297018090006145;11 A 2247113-18/00
C388;ZOUAOUI REDOUANE;;;;;
C389;KALI ABD ERREZAK;;;;;
C390;LAIFAOUI AMAR;;;;;
C391;KERKAR SAID;;;;;
C392;HADROUG HAMOUDA;;;;;
C393;HALIMI KAMEL;;;;;
C394;HANI EL OUANAS;;;;;
C395;SARL ALBER ARRAHIM;;;;;
C396;TIRCINE KADA;;;;;
C397;SARL TRANS GUEZZOU;;;;;
C398;SNC IKHLEF RAFIK;;;;;
C399;MEDDOURI SOFIANE;MERDJ OUAMENE AMIZOUR;;06020407172;198319300034434;02A0933373
C400;GUERMOUZ AZZEDINE;;;;;
C401;LAGOUNE ADLANE;;;;;
C402;SI SAID YOUCEF;;;;;
C403;AZIB AZZEDINE;BENI OUARTILANE W DE SETIF;;10220010355;198519430232819;06 A 0466571
C404;MESSAFRI LAMINE;;;;;
C405;DJENNADI LYAZID;VGE TISSA CNE SMAOUNE BEJAIA;;06120804966;196406120004744;02 A 0933342
C406;MEHNI SMAIL;;;;;
C407;TIGHIDET DJAHID;;;;;
C408;KASMI MOHAND;;;;;
C409;SNC FERROUDJI ET CIE TPM;;;;;
C410;MOUSSAOUI NORDINE;VGE OUSSAMA BEJAIA;;06016604341;196306310016346;07 A 0951620
C411;DJOUADI BELKACEM;VGE RIFE TASKERIOUT W BEJAIA;;06310125096;197306310010350;05 A 0941419-00/06
C412;AYACHE ABDELFATEH;VGE IGHIL EL DJEMAA AIT SMAIL;BEJAIA;06470392073;197506470011927;04 A 0938420-00/06
C413;MOHAMED CHERIF MOHAMED;;;;;
C414;GHOUL MALEK;LOT COMMUNAL IGHIL OUAZOUG;BEJAIA;06018801641;198306010015447;10 A 0966214-00/06
C415;IBELHOULEN ACHOUR;VGE EL KHENDEK BOUHAMZA BEJAIA;BEJAIA;06370492706;198006250405930;11 A 0969527-00/06
C416;BOUKIR MOHAMED;SIDI ALI AKBOU W DE BEJAIA;AKBOU;06258004124;197906250236918;11 A 0970286-00/06
C417;MILAN LOUCIF;LOT IGHIL OUZOUG W DE BEJAIA;BEJAIA;0601910585;197406020057927;11 A 0971635-06/00
C418;KEZIZ KHALED;ROUTE DE BABBAR;W DE KHENCHLA;40014470125;197940010075723;98 A 2410830-40/00
C419;AFAFSA SALIM;117 CITE 1008 BLOC 36 W DE BBA;;34010508352;197434010211642;12 A 235093-00/34
C420;EURL TM KRARROUBI;DETACHEMENT 440 N°42 ENNAKHLA;BIR ELDJIR ORAN;31034406724;001131011232890;11 B 011232-00/31
C421;HAMADOU SLIMANE;VGE SEDDOUK CENTRE;BEJAIA;06260541107;197719460000140;11 A 0971920-00/06
C422;SAYAD AZEDDINE;VGE BOUMELLAL CHEMINI BEJAIA;BEJAIA;06290111461;197706290011731;11 A 0968750-00/06
C423;ALLOUCHE SAMIRA;TIMZEGHRA SIDI AICHE BEJAIA;BEJAIA;06390600122;297406290026039;09 A 0957576-00/06
C424;SNC NASAF GALOUL ET CIE;VGE BOUKLAA RN°12 EL-KSEUR;BEJAIA;06400132925;000906400043065;09B0186480-06/00
C425;SNC MERIMECHE ABD ELHAMID ET C;BOUTIAS EL MILIA JIJEL;;18090309610;001118090002369;11B0443159-02/18
C426;MEBARKI LARAFI;FERME AKHROUF BBA;;34010503279;197334200012935;03 A 2328072
C427;ETS SABI KAMEL;TAKRIET SOUK OUFLLA BEJAIA;;06300361841;197006390074427;09 A 0958587 06
C428;BOUZIDA KOCEILA;TAKRIET RN 26 CNE SOUK OUFLLA;BEJAIA;06300365653;198906390151324;09 A 0956322 06
C429;SARL STPB DE LA SOUMMAM TP BT;VGE AGHBALA CNE BENI DJELLIL;BEJAIA;06230015955;000706239014643;07 B 0185605
C430;SNC OUIZEM ET FRERE TPBH;CITE BERCHICHE EL KSEUR;BEJAIA;06400430131;099806400729814;98 B 0182229-00/06
C431;ABBACI LYES;VGE IHAYOUNENE AMIZOUR BEJAIA;;06020512132;198606020006934;06/00-0982954A13
C432;BECHRI FAYSSAL;FAUBOURG DE LA GARE AKBOU;BEJAIA;06250883015;198206370022241;08 A 0956072.00/06
C433;BENSACI MOURAD;CITE LEMRIDJA EL MILIA;JIJEL;18091300230;198318090334527;08A2238478-18/00
C434;MENACRI LARBI;VILLAGE IGHIL IALOUANE AMIZOUR;BEJAIA;06020308355;194706120434931;99 A 921205
C435;BOUKIR KHELLAF;CITE SIDI ALI CNE AKBOU;BEJAIA;06258003022;198406250305535;09 A 0959786-00/06
C436;MOKRANE SAID;OULED BOUDINAR HASNAOUA;B B ARRERIDJ;34190131273;197034190033926;00 A 2321110
C437;IDIR KARIM;VGE IBOURASSEN OUED GHIR;BEJAIA;06510443005;198306010353340;08 A 0955076-00/06
C438;SARL GB ALLAB REMORQUE;M'HIRIS RN 45 ROUTE DE M'SILA;BBA;;;09 B 0463892-00/34
C439;SNC BENKACI RIADH ET CIE;DIVISION 229 LOT N°229 LOT 265;B.B.A;;;07 B 0463546
C440;KADI MOHAND AREZKI;TAMADJOUT AIN EL HAMMAM;TIZI OUZOU;15020091883;197315020025249;11 A 0285452-00/15
C441;HABITOUCHE LAMINE;ZENOUNA SEGHIRA EL ACHIR;B B ARRERIDJ;34070100166;198234010337435;09A2342226-00/34
C442;DERBOUCHI ABDELMADJID;RUE KHAMALLAH AMOR ZIAMA;MANSOURIAH W JIJEL;18040122046;198406440280130;11 A 2244626-00/18
C443;BAA ARAB;VGE BOUALOUN SEMAOUNE;BEJAIA;06120052854;198106120009248;07 A 0948699-00/06
C444;ABDELKADER AHMED ZOUAOUI;CITE HAMAMA MELIANA AIN DEFLA;;44040810179;166440200083154;44/00-3854043A16
C445;HADJEM FATMA NEE HADJEM;VGE AIT AICHA IDJEUR BOUZEGUEN;TIZI OUZOU;15490312011;294715490143917;00 A 0229882
C446;HADJEM MEZIANE;VGE AIT AICHE CNE IDJEUR;TIZI OUZOU;15490313223;179153400329170;12 A 029632-15/00
C447;BEN HAMA AMER;VGE BOUALOUN SEMAOUN;BEJAIA;06120054554;198206120010940;09 A 0957556-00/06
C448;KECILI RACHID;CITE AZHAR A 02 A SAIDA;SAIDA;02170167121;198502179001711;07 A 4540493-01/20
C449;OUALI ABDELKADER;VGE LAAZIB OUMAAMAR;BEJAIA;06017707331;197306010278628;99 A 0923287-02/06
C450;MEGROUS HOCINE;AIT SMAIL BEJAIA;;06470404840;195906470004730;99 A 0920876-06/00
C451;TARAFT TAIEB;VGE SMINA BEJAIA;BEJAIA;06017204282;197906020051046;11 A 0973128-00/06
C452;SAYOUD ABDELLAH;ZIAMA MANSOURIAH JIJEL;JIJEL;18040106336;197518040027338;11 A 2245380-00/18
C453;CHAIBI OMAR;COOP ASMA N°14 BIR KHADEM;ALGER;16128033131;155265201876172;05 A 4831932-00/16
C454;AZZOUGUEN MEHENI;VGE IHEDDADEN BEJAIA;BEJAIA;06019206404;197106010062248;10 A 0964949-00/06
C455;SARL CRISTAL PLAST;RN 26 TOUJI CNE CHARFA;;10172178054;001310028378014;13 B 0283780-00/10
C456;HAMIDOUCHE MESSAOUD;VGE IGHIL NACER IGHRAM;BEJAIA;06155759991;197806250148328;11 A 0973605-00/06
C457;AZIB YOUCEF;BENI OUARTILANE CENTRE SETIF;SETIF;19220025553;197819220013338;11 A 0487224-00/19
C458;DJELLAL LAKHDAR;CITE NASSER TINDOUF;TINDOUF;37010020228;196317200014642;11 A 3214415-00/37
C459;BOUKRIF SOFIANE;TAMOURT OUZEMOUR MICHEDALLAH;BOUIRA;10370370555;198410370019434;11 A 1443328-00/10
C460;BERKANI KHELLAF;VGE MAALA SIDI AICH BEJAIA;BEJAIA;06390200605;197706070044042;06 A 0948391
C461;BENDAHMANE L'HACHEMI;LOT ZONE SIDI AHMED BEJAIA;BEJAIA;06015607872;198206340035729;10 A 0963646-00/06
C462;SARL CMAC;CITE ATHEMANIA KHEMISTI ORAN;ORAN;31056370031;001031011131122;10 B 0111311-00/31
C463;KHALDI ABDELKAMEL;VGE EL-KITOUNE BEJAIA;BEJAIA;06020132845;196506020035934;99 A 0924365-00/06
C464;IDIR KAMEL;VGE IBOURASSENE OUED-GHIR;BEJAIA;06510440003;198306510004244;11 A 0971072-00/06
C465;MEZITI ALI;VGE IGHIL ALI COLLA;B B ARRERIDJ;34250100146;198034140023441;11 A 2350182-00/34
C466;AIT KHEDACHE DJAAFAR;VGE BEZIOU AMALOU BEJAIA;;06160310555;197906250136527;06/00-0959397A09
C467;ETBTCE EGTPHF TPM AZIRI FARID;SIDI HADJ HASSAINE CHEMINI;BEJAIA;06290232541;197806290013140;03 A 0935226/01
C468;SARL TRANS SABLE D'OR;CNE EL-HAMMAMET ALGER;;16248394016;001316100709223;13 B 100709223
C469;ABDELLI ABDENOUR;VGE TARGA OUZEMOUR;BEJAIA;06016107034;197206130038929;10 A 0965093-00/06
C470;IZEBATENE SALAH;VGE IBOURASSEN CNE OUAD GHIR;BEJAIA;06510439011;195819300010787;98 A 0914585-00/06
C471;IKHLEF DJELLOUL TPM;VGE IGHIL OUAZOUG;BEJAIA;06017302048;1965506020031350;00 A 929361
C472;HANI CHERIF;VGE IGHIL N'BOUA CNE SMAOUNE;BEJAIA;06120180142;199006120006054;11 A 0971757-00/06
C473;DJOUMI IMAD;OULED BAHRI;;19030342831;198819300127231;11 A 0490313-00/19
C474;CHEBIRA MOHAMMED;CITE BOUTIAS EL MILIA;JIJEL;18091284290;19761809005021;08 A 2236605.18/00
C475;GUEDJALI ABDELMOUMEN;CITE LAAZIB OUMAAMAR;BEJAIA;06017705136;198119090069030;11 A 0967422-00/06
C476;ETABLISSEMENT HAMDOUNI ABDELKA;CITE HAMDOUNI AADHA SEDDOUK;BEJAIA;06260232911;155062600071163;98 A 0912151-00/06
C477;SNC BLOC CONSTRUCTION;83 ROUTE D'ARAFOU AKBOU;BEJAIA;0625917135;000606529021545;06 B 0185361-00/06
C478;BOUKAIBA SAMIR;VGE SEROUAL OUED GHIR;BEJAIA;06510755007;198306010522345;10 A 0966740-00/06
C479;SI SAID ABDELHAKIM;EL ACHIR W B B ARRERIDJ;BORDJ BOUARRERIDJ;34070047719;197415020084237;12 A 2353116-00/34
C480;MOUSSAOUI OMAR;VGE AIT MENDIL CNE BENI K'SILA;;06350712101;196516440080525;00 A 0229535/01
C481;GHANEM ABDELKARIM;VGE IBOURASSEN OUED-GHIR;BEJAIA;06510668102;198119540101436;11 A 0968335-00/06
C482;SARL NEW TECHFAB;COOPERATIV IMMOBILIERE ELFATEH;EL-EULMA SETIF;19200170408;001219209027345;12 B 0089704-00/19
C483;LAIDANI NABIL;VGE IHADDADEN;BEJAIA;06017612385;197806010015738;10 A 0966008-00/06
C484;MAHAH ACHOUR;VGE TIGHZERT CNE BENI DJELLIL;BEJAIA;06230241510;196706230017635;99 A 0920810-00/06
C485;BNMEZIANE NOURDDINE;VGE BOUKHALFA AMIZOUR BEJAIA;;06020346421;197906020006149;09 A 0959462-00/06
C486;SAHMI MASSINISSA;;;;;
C487;FEDALA ABDELAAZIZ;VGE AFTIS CNE BOUDJELLIL;;06526412076;096306520004443;12 A 0976282-00/06
C488;SARL CHAHIR NOUR;VGE BIR SELLAM CNE BEJAIA;;06018404026;001106010020183;11 B 0187203-00/06
C489;AFROUKH AMARA;VGE IMOULA M'CISNA;;06120034512;197206260009537;08 B 0185858 06/00
C490;EDIMCO EPE SPA;ZON INDU IHADADEN CNE BEJAIA;;06016304002;000006018339797;00B0183397-00/06
C491;MILANE NADIR;VGE TADDART TAMOKRANTE AMIZOUR;;06020916223;196606020047145;11 A 0973620-00/06
C492;CHABANE BOUZID;VGE LAHRAICHE DRAA EL KAID;;06450050314;196106450016146;12 A 0976246-00/06
C493;DERRAB SAID;VGE TIGOULMAMINE MAKOUDA;TIZI OUZOU;15090737111;197115090026537;12A0295836-00/15
C494;MAKHLOUFI HALIM;VGE IMAKHLAF EL-KSEUR BEJAIA;BEJAIA;06400134551;198406010114054;11A0967576
C495;RABEHI ABDELLAH;VGE CHERAIFIA ACHAACHA;MOSTAGANEM;27170114279;197727170030531;00A3919016-27/00
C496;AFTIS ABDALLAH;18 RUE HAMADOU TURKI TLIDJENE;SETIF;19012917031;196619010193036;00A0436322
C497;DJOUDI ABDERZZAK;CNE TAMOUKRA BEJAIA;BEJAIA;06060908254;199106250006244;12A0978618-00/06
C498;BAKIRI TEWFEK;AZAGHAR DRAA EL-KAID;BEJAIA;197306440153529;06450040212;11A0971287-00/06
C499;IDIR TOUFIK;VGE IBOURASSEN OUED-GHIR;BEJAIA;06510721028;198506010567232;09A0960430-00/06
C500;SARL BENTRACOM BENNACEUR;ROUTES DES AURES BEJAIA;;06018303024;000228056245481;28/00-0562454B2
C501;MASSIOUN HAYAT;VGE MAALA SIDI AICHE BEJAIA;;06360038233;000806018585831;08B0185858 06/01
C502;MENHANE FARIDA;OUAD EDDER EL MILIA;JIJEL;1890289790;296618090182814;01A2223882
C503;GENERAL EMBALLAGE SPA;ZAC TAHARACHT CNE AKBOU;BEJAIA;061256000300;000006018326879;00B0183268-00/06
C504;TARAFT SALAH;VGE IHADADEN BEJAIA;;06017705492;197506010020058;99A0922203
C505;HAMZI RAMDANE;IGHLEDENE BOUANDAS W SETIF;SETIF;19300372125;196619300003246;00 A 0440326
C506;ZIANI ZAHIR;BARBACHA CENTRE W DE BEJAIA;BEJAIA;06340013626;196006340018344;99 A 0924066-00/06
C507;SNC YAHIA SAMIR T BELAZRI RIAD;VGE TISSA CNE SMAOUNE W BEJAIA;BEJAIA;06120081191;000906129021547;09 B 0186391-00/06
C508;ARROUCHE HAMID;VGE MELBOU W DE BEJAIA;BEJAIA;06412005982;197706080045236;11 A 0972102-00/06
C509;SNC TRANS DJAIDER ET CIE;CITE 122 LOGTS EPLF BERCHICHE;EL KSEUR;06400523401;000806409020643;08 B 0185993-00/06
C510;BENTOUATI ABDELHAFID;VGE IHADDADEN W DE BEJAIA;BEJAIA;06017612122;195206340102253;99 A 0925509
C511;SAAOUI LARBI;IGHZER EL KEBLA TIMZRIT BEJAIA;BEJAIA;06070366226;197506070070826;01 A 0931589-00/06
C512;SNC ZOUTAT ET FILS;VGE AGHADIT AIT SMAIL BEJAIA;BEJAIA;06470132936;001106479018929;11 B 0187111-00/06
C513;SIDER TAYEB;BAHALIL AGHBALOU W DE BOUIRA;BOUIRA;10272270266;198206270093914;11 A 1443993-00/10
C514;SARL TRAVAUX 2000;ZI N°416 SIDI BEL ABBES;SIDI BEL ABBES;22018604121;099622010253730;99 B 0022275-00/22
C515;DJOUMI LAID;AOULED EL BAHRI BOUANDAS SETIF;;19300330200;197819300143037;04 A 0453315-00/19
C516;AMRIOU MOUAD;VGE IGUER GUENDOUZ FERRAOUN;BEJAIA;06030091932;198206340067526;11 A 0970988-00/06
C517;SARL ALIAF TRAVAUX BATIMENT;HAI KAIDI LOT N°101 DRAA SAUTA;ALGER;16302712014;000316309025643;03 B 0962179
C518;GALOUL BOUBKEUR;VGE IGHIL OUTOUAF TIMZRIT;BEJAIA;06070634472;1978806070045922;08 A 0953039-01/06
C519;OUKIL YAZID;FERME OUKIL TAZMALT W BEJAIA;BEJAIA;06273593010;198406270004439;10 A 0963593-00/06
C520;KRID FATMA ZOHRA;OUED ADDER EL MILIA W JIJEL;JIJEL;18090099341;297818090159025;06 A 2233478
C521;HAMOUMOU ABDELAH;VGE IBOURASSEN OUED GHIR;BEJAIA;06510447002;198306010015153;07 A 0948792
C522;ARIOUAT SOFIANE;CITE MEZAI ABDELKADER W BEJAIA;BEJAIA;06013401225;198406010104644;11 A 0968945-00/06
C523;EURL TM TOURECHE;ROUTE BIR SNAB AIN BENAMRAN;B B ARRERIDJ;34010403603;000634019006646;06 0463475-00/34
C524;SARL S-T-R-L-T;CITE 120 LOGTS BT C N°03;MOSTAGHANEM;27016218871;000727059004152;00 B 0782267-00/27
C525;SASSANE RAMDANE;IHADADDEN OUFELA BEJAIA;BEJAIA;06017304522;17319190130716400601;08A0953277-01/06
C526;SAGHI AREZKI;VGE AIT BOUHINI YAKOUBENE T-O;TIZI OUZOU;15200102212;197615200042341;12 A 02991318-00/15
C527;BOUDJIT TAHAR;VGE MELLALA OUD GHIR W BEJAIA;BEJAIA;06510754002;197506440118334;11 A 0966596-00/06
C528;HAMAMOUCHE ZAHIR;VGE RIF CNE TASKERIOUT;BEJAIA;06310082441;196906310038824;12 A 0975165-00/06
C529;SARL TRANSPORT BOUNA;ZAC PONT BOUCHET EL HADJAR;ANNABA;23031354012;001223039017842;12 B 0365604-00/23
C530;YAHIAOUI ELKHIYER;VGE HELLIL OUED GHIR BEJAIA;BEJAIA;06511279081;197219300013540;10 A 0965417-00/06
C531;CHERRAT NAIMA;VGE BENI DJEAD AMALOU;BEJAIA;06160051006;297006160025245;09 A 0956798-00/16
C532;KHRAMSIA ABBES;EL MEHIR W DE BBA;B B ARRERIDJ;34050301179;196434050016931;13 A 2354177-00/34
C533;TOUATI SMAIL TPM;CITE BERCHICHE EL KSEUR;BEJAIA;06400462041;197706400017044;00 A 0928782-02/06
C534;MADI EL MENAA;VGE IGHIL OUAZZOUG;BEJAIA;06018404626;197106480010049;06 A 0948283
C535;GUERCHI ABDELKADER;06 MAI EMIR ABDELKADER;ORAN;;196310108847117;12 A 0593922-00/31
C536;SARL SIARI MEHILA TPP;RUE BOUSSIOUF AHCENE LOCAL 01;SKIKDA;21190047131;001021199003256;10 B 0143623-00/21
C537;SARL TASSELAT IMPORT EXPORT;RUE 1ER NOVEMBRE EL MILIA;JIJEL;18091305990;001218090004464;12 B 0443254-01/18
C538;MAKHLOUFI REDOUANE;VGE IMAKHLAF EL KSEUR BEJAIA;BEJAIA;06400133264;198206010443244;10 A 0965548-00/06
C539;SARL REV § TPBH SIDANE;BORDJ MIRA CNE TASKRIOUT 06621;BEJAIA;06310403386;000806310008560;08 B 1085849-00/06
C540;FERKAL AISSA;CITE SI NACER OUZELLAGUEN;BEJAIA;06360485927;197206360040536;11A0969306-00/06
C541;TOUAHRIA YOUCEF;VGE AKABIOU CNE TIMEZRIT;BEJAIA;06070431501;197106070056632;09 A 0958502-00/06
C542;ABDELAZIZE ABDELKADER;CITE SAADA W DE SAIDA;;20800920710;196620010072343;11A3727139-00/20
C543;SGA LOCATAIRE SARL STROF;RESIDENCE EL KERMA 16105;BIRKHADEM ALGER;;099916000902593;99B9025
C544;GARET FATAH;VGE DRARI AMIZOUR BEJAIA;;06020490191;198206010582530;08A0955886-00/06
C545;ABIZAR BRAHIM;VGE AGRICOLE SOCIALISTE TIMIZR;TIZI OUZOU;15080693710;19641508005836;07A0263243
C546;YAKOUBI MEZIANE;VGE IMZIZOU CNE DE FREHA;TIZI OUZOU;15040102665;197515040103943;07A0261479
C547;BENNOUI ABBES;OULED ZAID CNE HASNAOUA;BBA;34190131091;197034190003442;12A2351190-00/34
C548;MOKHTARI NACER;VGE TIMRI MAHMOUD ADEKAR;BEJAIA;06240630590;196716380056913;11A0974131-00/06
C549;ETS BADI NACER EDDINE;;;;;
C550;SARL DPR COMPANY;VGE TIZI SEMAOUNE BEJAIA;;06120024511;000306018423274;03B0184232
C551;ZEOUAOUID AMAR;AIN BEIDA OUARGLA;;30025004404;198330020024053;09A0634869 01/30
C552;ADDOUR NADIR;CITE 80 LOGTS SIDI AICHE;BEJAIA;06390600403;197906070045039;12A09775533 00/06
C553;BOUDJEMA FAROUK;VGE COLONEL AMIROUCHE AKBOU;BEJAIA;06258004048;197906250373030;11A0967606 00/06
C554;KASMI SAID;;;;;
C555;BOUHABEL DERRADJI;VGE TAHARACHT RN N°26 AKBOU;BEJAIA;06258004082;797734059002216;10 A 0967089-00/06
C556;BENDAHMANE MESSAOUD;;;;;
C557;ADDAR MOHAMED CHAKIB;;;;;
C558;SARL STORES;RUE ZEMA ABDELKADER EL KSEUR;BEJAIA;06400069911;000906018647245;09 A 0186472-00/06
C559;SARL TITOU TRANSPORT;CITE 148 LOGTS BT 14 LOCAL B01;BOUMERDES;35337520716;000835072509257;08 0725092-00/35
C560;BOULAOUAD EL-HOCINE;BOUANDAS W DE SETIF;;19300026320;198419300006140;07 A 0469641-00/19
C561;BERKANI HAMZA;VGE MAALA SIDI AICH W -BEJAIA;;06390200714;198006390012733;10 A 0962042-00/06
C562;SARL TRANS BENHAMA § FRERE;VGE TISSA CNE SMAOUNE W-BEJAIA;;06120081301;000506129032548;06 B 0185181
C563;RAMDANI SAADI;VGE DAR DJEBEL W DE BEJAIA;;06017801992;197719300141236;09 A 0958834-00/06
C564;SELLAH BACHIR;VGE AKHENAK CNE SEDDOUK BEJAIA;;06260103451;198606260003733;09 A 0960373-00/06
C565;SELLAH SALIM;VGE AKHNAK CNE SEDDOUK BEJAIA;;06260102831;198806260034724;11 A 0969369-00/06
C566;SELLAH SALAH;VGE EKHENAK CNE SEDDOUK BEJAIA;;06260103351;198406260026826;09 A 0960596-00/06
C567;GRAIT EPS BOULHRAOUT CHAHRAZAD;VGE TIZI EL-OUED MELBOU BEJAIA;;06412302261;298306010350733;10 A 0965296-01/06
C568;BENYOUB REDOUANE;LOT COM Nx130/131 EL KSEUR;BEJAIA;06400265925;1980064000022644;13 A 0981328-00/06
C569;ABID MOHAND AKLI;VGE DAR DJEBEL W DE BEJAIA;;06017803023;198706010250242;09 A 0960382-00/06
C570;HAFIR NOURDINNE;VGE SEBT AKDIME CNE AMIZOUR;BEJAIA;06020091981;166060200301127;11 A 0970374-00/06
C571;SALHI HOCINE;VGE GUENDOUZA AKBOU W-BEJAIA;;06251872011;198106250138629;10 A 096644-00/06
C572;SARL SANYOU COMPANY;CHEMINS DES CRETES SIDI AHMED;BEJAIA;06015606749;001106019001462;11 B 0186973-00/06
C573;LEBSIR NADIA;OUED ADDER W DE JIJEL;;18090314335;297518090017627;14 A 2254252-00/18
C574;SADI DJILLALI;CITE DES 40 HEKTARS N°13;JIJEL;1818601480;197206340095033;09 A 2240113-00/18
C575;MADI HAKIM;CITE DOUANIERE BIR SLEM BEJAIA;;06018404624;197606010054439;05 A 0944285-00/06
C576;BOUZIDA MATOUK;VGE TAKRIET CNE SOUK OUFELLA;BEJAIA;06300365647;198006290031438;13 A 0979544-00/06
C577;ARRIS MOHAND AREZKI;VGE CHEURFA AZAZGA TIZI OUZOU;;15181546117;197015180056825;15/00-0261435A07
C578;SNC LTNC NAOUI ET CIE;LOT 105 BAT C BERCHICHE BEJAIA;;06400539521;000706400008952;07 B 0185423
C579;AITYATA FARES;CITE METIDJI AKBOU BEJAIA;;06255301395;198106160005542;09 A 0959988-00/06
C580;MADI ZAHIR;CITE DOUANIERE BIR ESSALAM;BEJAIA;06018404628;177061300236149;0962133 A -06/00
C581;SNC MAOUCHI DJILALI § MEROUANE;VGE SELOUANA CNE SMAOUNE;BEJAIA;06120180122;000906129034738;09 B 0186536-00/06
C582;CHEGRA MOULOUD;VGE MELALA CNE OUED GHIR;BEJAIA;06511278081;198319300047233;08 A 0954535-00/06
C583;ETB TCE SAYAD ABDELHAFID;DRAA EL-KAID W DE BEJAIA;;06450123139;197506450127332;99 A 0925259-00/06
C584;MEZGHICHE FARID;CITE MERDJ OUAMENE AMIZOUR;BEJAIA;06020402622;198206020054538;10 A 0965277-00/06
C585;MECHICHE BOUZID;EL OURICIA W DE SETIF;;19371709021;196619160078127;14 A 0508962-00/19
C586;SNC EL MOSTAKBEL ZINET&MOUZAIA;VGE SBIHA CNE SMAOUNE BEJAIA;;06120058801;000906129018346;09 B 0186354
C587;BOULANSEUR MOULOUD;CITE IDERAKEN CNE TIMEZRIT;BEJAIA;06070160141;197506070025439;09 A 0958427-00/06
C588;IDIRI FAYCAL;;;;;
C589;OUAGHLICI ABDELMADJID;BENI BOUREMANE BOUANDAS SETIF;;19300320902;195319300132931;98 A 0415790.01/19
C590;BELAL MOHAMED TAHAR;;;;;
C591;SARL KECHAYACHE BATIMENTS;RN 28 LOCAL 02 CNE BLAIBA;M'SILA;28150879812;000728056294591;07 B 0562945-00/28
C592;TAGGAR HAMZA;VGE ICHEKKABEN FERROUN BEJAIA;;06030111405;198706030016342;09 A 0956806-00/06
C593;GRAINE REMTANE;OULED ALI OULED BRAHIM W SAIDA;;20140209771;196720140004055;12 A 3730624 00/20
C594;ALOUI ABAS;VGE TIZI CNE SEMAOUNE BEJAIA;;06120804564;197706120011642;99 A 0923381-06/02
C595;BOUHZILA MOURAD;OULED AMEUR BOUANDES SETIF;;19263157061;199019300146234;13 A 0499883-00/19
C596;SNC L'AIGLE DES COLLINES TRANS;VGE TAMDA CNE OUAGUENOUN;TIZI OUZOU;15240940760;000715004692057;07 B 0046920-00/15
C597;SNC BOVA YASSA ET CIE;CITE 612 LOGTS 263 SIDI AHMED;BEJAIA;06015601443;000806018598341;08 B 018593-00/06
C598;BRIKH MOKRANE;VGE TIGHILT CNE SMAOUNE BEJAIA;;06012014563;195206120277337;13 A 0983560-00/06
C599;MAOUCHI FARID;KAHRA CNE FREHA TIZI OUZOU;;15040103381;198515180169224;09 A 0272291-00/15
C600;AZAMOUM LYES;VGE TALA MERKHA W DE BEJAIA;;06017301677;198406010365237;11 A 0968107
C601;AMATA FAHIMA;OUED ADDER EL MELIA W DE JIJEL;;18090305505;297618090187219;10 A 2241261-00/18
C602;BENSACI MESSAOUD;OUED ADDER EL MILIA W JIJEL;;18090287835;197218090025632;00 A 2222078
C603;KERBOUCHE ABDELMALEK;TANEFDOUR EL MILIA W JIJEL;;18091295735;197818090065618;09 A 2240363-00/18
C604;SNC GTS MOUHOUBI ET CIE;VGE TIZI ADJISSA CNE SMAOUNE;BEJAIA;06120200175;000706129027053;07 B 0185689
C605;TIGHIDET SAMIR;VGE IHADADEN CNE DE BEJAIA;BEJAIA;06019207513;198406010129439;09 A 0956963-00/06
C606;OUASDI SAADI;VGE IREZI OUED GHIR BEJAIA;;06510305006;198306010349826;10 A 0966274-00/06
C607;CHIHEB HOCINE;OUED ADDER EL MILIA JIJEL;;18090293915;197218090046039;03 A 2227027
C608;AIMOUN ABDELHALIM;OUED ADDER EL MILIA W JIJEL;;18080299971;198718090149616;11 A 2246964-00/18
C609;LAKHEL ABDELKRIM;BOURAOUI BELHADEF JIJEL;;18160303321;197218120017931;99 A 2215861-00/18
C610;BENSACI OMAR;OUED ADDER EL MILIA JIJEL;;18090285705;197518090049719;00 A 2219817
C611;SARL NUTAGRA;CITE 116 LOGTS GOURAYA AAMRIW;BEJAIA;06016004042;099806018253805;98 B 0182538-00/06
C612;MEHDAOUI SAID;IGHZER EL KABLA TIMEZRIT;BEJAIA;06070362450;197006070035932;05 A 0942501-00/06
C613;SALHI OUALI;VGE HAMMAM SIDI AYAD BEJAIA;;06210427002;198106210036244;11 A 0969438-00/06
C614;IDIR NADIR;VGE IBOURASSEN OUED GHIR;BEJAIA;06510347002;198006510001642;11 A 0967445-00/06
C615;FERROUDJ REDOUANE;VGE HELLIL OUED GHIR BEJAIA;;06510809009;198219300180918;15 A 0988733-00/06
C616;SARL TRADER LINE;HELLOUANE OUZELLAGUEN BEJAIA;;06360211121;000606018512485;06 B 0185124-00/06
C617;MEBARKI SAMIR;VGE MELLALA OUED GHIR BEJAIA;;06510986003;198306510001541;11 A 0972784-00/06
C618;SNC BANAMANE ABDELMOULA ET CIE;CITE 200 LOGTS EKTE EL MILIA;JIJEL;18091299040;000818090000464;08 B 0442879-00/18
C619;CHEBBAH BOUDJEMAA;RN 26 CHIKHOUNE OUZELLAGUEN;BEJAIA;06360219211;195006370172042;98 A 0912283-00/06
C620;GADOUM HAMZA;VGE DRAA EL KAID W BEJAIA;;06450010134;198606440130923;11 A 0968838-00/06
C621;ZEKRAOUI AMAR;AZZEFOUN CENTRE W TIZI OUZOU;;15374671442;175100101663135;12 A 0297189.00/15
C622;BENMAAMAR MOHAND SEGHIR;OULED DAHMANE BORDJ B ARRERIDJ;;34180507042;197734180025430;99 A 2320381-00/34
C623;CHERIF DJAMA AHCENE;72 CITE SIDI HARB ANNABA;;23019607367;195321130267828;00A1822786
C624;ALLA KAMEL;RESIDENCE PERRET BT C N°25;;31851051013;165310106358109;13A0600896-00/31
C625;ZIANI ABDELLOUAHAB;30 CITE 1006 LOGTS LOT 38;SETIF;19018830021;197334080038431;04A2329972.00/19
C626;FENNOUR NACER;CITE LAMSAL CNE CHIGARA MILA;;43320878471;198643320010045;12D1653138-00/43
C627;BOUCHAREB MOHAMED;CITE ESSALEM 02 N° 58 W SAIDA;;20800916242;198331050039924;08A3723915-00/20
C628;BENTAFER SAID;MECHTA LAMSAL CNE CHIGARA MILA;;43320874551;197643170015237;07 A 1636693-00/43
C629;BETTAHAR MOHAMED;HAY MOHAMED EL BEY REGHAIA;ALGER;16430668900;189163800577107;15 A 5037964-00/16
C630;MERIKHI SMAIL;ZONE D'ACTIVITE, CNE BBA;BBA;34014111041;197034110091630;98 A 2312511-03/34
C631;GOBBI TEDJANI;OUIERMAS W EL OUED;;39200008002;198039010139824;09 A 2733174-00/39
C632;SARL BOUGUERRA BOIS DE L'EST;CITE ZERADEB RN N°5 TADJENANET;MILA;43080513101;000143080111859;01 B 0322530-00/43
C633;CHEURFA SABER;VGE BOUNOUR CNE EL-KSEUR;BEJAIA;06400231431;198106230031737;09 A 0958012-00/06
C634;BOUKELA MADJID;CITE AMRAOUA VILLA N°77;TIZI OUZOU;15017374022;197015010291829;15/00 0296110A12
C635;SARL EGTPH FILLAL;VGE TALLA OUARIANE W BEJAIA;;06016501158;001406018813642;14 B 0188136
C636;BENKHELIFA ABDELLAH;VGE ICHEKABEN FERAOUN BEJAIA;;06030111133;198006340086034;05 A 0943056-00/06
C637;NATIXIS ALGERIE;IMMEUBLE EL KSAR BAB EZZOUAR;ALGER;16283101133;099916000794748;99 B 0007947-00/16
C638;DAGGA TAHA;CITE BOUZID BENI THOUR;OUARGLA;30010232132;197739110081424;08 A 0632931-00/30
C639;AIT AIDER ABDERRAHMANE;AGHRIBS CENTRE W TIZI OUZOU;;15534557209;178153700475130;15 A 0314232-00/15
C640;SARL ILLOUL ET FRERE TRANSPORT;TAHARACHT AKBOU W BEJAIA;;06258001105;000406250899045;04 B 0184632-00/06
C641;SAIDI HAMAMA EPSE AMMARA;CITE BENBADIS W LAGHOUAT;;03011260759;297006120004352;14 A 4632153-00/03
C642;SARL ELAK;RN 12 CNE MEKLA TIZI OUZOU;;15500952770;099815004240135;98B0042401
C643;OULD HAMMOUDA SAMIR;LOCAL 38 TASSAFET OUGUEMOUN;TIZI OUZOU;15600202133;174154500087107;06 A 0256571-00/15
C644;SARL APALGE;CITE 59 LOGTS BELLE HORISON;BATNA;05728505373;000805010001770;08B0223773-00/05
C645;BOUSMAHA KADA;LOT N°140 OUED TLELAT ORAN;;31111244041;197845020088517;09A0572740-00/31
C646;BOUZIDA SAID;05 RUE ATTIL SALAH EL KSEUR;BEJAIA;06190782311;196842120092230;02A0934209-00/06
C647;MERIDJI HOUDEN;11 RUE AHMED BOUMEDA BEJAIA;;06018903046;198106010044150;05A0942166
C648;SARL TAYMAT MAT CONT;VGE BOUKELAA RN N°12 EL KSEUR;BEJAIA;06400132921;000506400249159;05B0184885
C649;GALOUL NACER;CTE DES 23 LOGTS EL-KSEUR;BEJAIA;06400285320;197106120022057;97/A/911122
C650;MATI MUSTAPHA;02 LOT MAKAM ECHAHID DS 12 LOG;SETIF;19016302011;195119070129045;99A0428912-19/00
C651;BAKHA MOKHTAR;CITE ASSILA AMMR OULED AISSA;JIJEL;18017602161;193718040077922;97A2210982-00/18
C652;ETB -TCE EGTPH SNOUCI ATHMANE;CENTRE D'AFFAIRE BIG N°88;BEJAIA;06017410043;179060600034175;12A0977162-00/06
C653;SADJI SLIMANE;VGE TAZRART MAKOUDA TIZI OUZOU;;15090735641;198415380030629;08A0266781-01/15
C654;KERKARI LEMNAOUER;CTE DRAA N°ZAA AIN EL KBIRA;SETIF;19021713618;166191600014160;07A0468426
C655;OUFRICHE HAMID;BOUHAMZA BEJAIA;;06370571456;180063700109112;10A0966961-00/06
C656;BOULAHFA MESSAOUD;CITE ZIADA CHERIF ELFADJOUDJ;GUELMA;24201574191;197424200008638;15A1945377-00/24
C657;SEBAOUN MEBAREK;CHEURFA BABOR AIN EL KEBIRA;SETIF;19164918078;197819160012925;10A0481564-19/00
C658;SARL CONSTRUCTION ETUDIER;VGE AAKAR AOKAS BEJAIA;;06221095262;001406229022547;14/B/0188214-00/16
C659;HADDAD KHELLAF;VGE IBOURASSEN OUED GHIR;BEJAIA;06510401222;198319300069031;10A0965872-00/06
C660;BOUZIDI DJAHID;Z I N°106 WILAYA DE BEJAIA;;06013902356;198206010114938;09/A/09572433-00/06
C661;LAKHEL RIDA;BOURAOUI BELHADEF W JIJEL;;18160303921;197718120050631;00/A/2221821/01
C662;YOUSFI IDIR;CITE 120 LOGTS CITE SEGHIR;BEJAIA;06014514047;198206340012050;11/A/097077406/00
C663;SPA HALLIBURTON ETS DE SERVICE;RUE N°109 HASSI MESSAOUD;OURGLA;30040211585;099930012272551;99B0122725-30/00
C664;MADI MOHAMED;CITE REMLA IGHIL OUAZOUG;BEJAIA;06019205111;197006010152446;06/A/0947330
C665;EURL GROCERAM;RUE BOUHALOU CNE SIDI AICH;BEJAIA;06018705291;001306018770526;13B0187705-06/01
C666;AIDER BOUSAAD;AGHRIBS AZZEFOUNE TIZI OUZOU;;15534553547;197815180165521;0244341 A 04
C667;MOKADEM TOUFIK;SEMMAR KELAA RELIZANE;;48233997150;198348230007137;48/00 0836208 A 08
C668;BENMAMMAR RAMMACHE;CNE OULED DAHMANE BBA;;91010503870;197634180031041;34/00-2355550 A 13
C669;SARL BPI ENH DOUDAH;392 LOGTS BOUMERDES;BOUMERDES;35010831983;099835072218369;98B0722183 00/35
C670;EURL BIZIOU TRADING COMPANY;VGE BIZIOU TRADING COMPANY;;06160319350;000806169027832;06/00 0186049B98
C671;MADI KARIM;193 CITE NACERIA BEJAIA;;06013704255;197806010439824;0945762A06
C672;SIARI SATOUF TPP;AIN BOUZIANE SKIKDA;;21220379415;197521160081529;21/00 0767444A15
C673;SELLAH FARID;VGE AKHENNAK SEDDOUK BEJAIA;;06260103013;198506250019727;06/00 0959963A09
C674;BACI SALIM;EL OUED;;39040105229;197939040376317;39/00 2739325A11
C675;SNC ISAADI ET FRERES;CITE LYCEE ABDELMOUMENE;ROUIBA ALGER;45020400190;099845082206131;16/00 0822061B98
C676;SARL TRANS SLAIM FERTAL ROUTIE;VGE AIT ZELLAL SOUAMAA MEKLA;;15050975712;000315004503647;15/00 0045036B03
C677;KISSOUM MOURAD;MEGHEIRA CNE AIT KHELILI;MEKLA TIZI OUZOU;15580608203;197215580037524;15/00 0303904A13
C678;GASSA MOULOUD;VGE TAOURIRT AKABIOU TIMEZRIT;BEJAIA;06070100237;198106390039623;10A09667486 00/06
C679;SARL DPR COMPANY LOCATION ENG;VILLAGE TISSA SMAOUNE BEJAIA;;06120024511;000306018423274;03B0184232 01/06
C680;SARL DPR COMPANY TPM;VGE TISSA CNE SMAOUNE BEJAIA;;06120024511;000306018423274;03B0184232 01/06
C681;SELLAH AKLI;PG DE L'INDUSTRIE SETIF;;19012187171;196506260012639;0438248A00
C682;EURL L'AIGLE DE AMRAOUA;TIZI RACHED TIZI OUZOU;;15220193530;000815004694099;15/00 0046940B08
C683;TEFAHI RABAH;EL AHGUIA CNE DJEBAHIA BOUIRA;;10260080516;198010130258927;10A1438833
C684;EURL KAMAR TRANSPORT M/SES;CITE 100 LOGTS TEBESSA;;12014302001;001212010011087;12B0583953-00/12
C685;BEN MAMMAR SAMIR;CITE SLIMANE CNE HASNAOUA BBA;;47020001641;198834010035042;34/01 4323561A07
C686;SOFINANCE SPA MERIDJI HOUDENE;AVENUE MOHAMED BELKACEMI;LES ANASSERS ALGER;;;
C687;NAFTAL GPL SAIDA;ZONE INDUSTRIELLE ROUTE SAIDA;MASCARA;;;
C688;EURL AKFADOU TRADING;CHORFA CENTRE W BOUIRA;;10172178079;001510179009642;15B0284126 00/10
C689;EURL NET TRANSPORT;COOPERATIVE EL HANDASSA;LOT N°4 ORAN;31019933093;001231011304825;12 B 0113048
C690;TIAOUININE MOHAND;VGE BERBER CNE TIMIZART;TIZI OUZOU;15080800718;195151800089170;15/A/0316498 15/00
C691;SARL IDEAL REVETEMENT;VGE AKABIOU TIMEZRIT BEJAIA;;06070421432;001406070022074;06/00 0188196B14
C692;SIDANE IMAD;VGE OULED MBAREK TASKERIOUT;;06310240104;199006310009146;06/00 0991556A15
C693;EURL ALL TRANSFERT;RUE BENIKEN MD SAID SEDDOUK;BEJAIA;06260024235;001706018910751;06/00 0189107B17
C694;SPA LABORATOIRE NATIONAL;BEJAIA;;06015001034;0000160013183395;16/00 0013183B00
C695;SARL DREAMCOS ETB TCE;191 BIS BOIS DES CARS 2;DELY BRAHIM ALGER;162336911102;000235072358865;02B0723588 00/16
C696;MEHDI MOHAMED;RUE MEHDI SLIMANE BERIANE;;47040002318;197747040014630;47/02 4312746A98
C697;GUERBANE NACIMA EPSE HAMAMOUCH;;;;;
C698;DEHAM HOCINE;;;;;
C699;YAHIAOUI REDOUANE;VGE HELLIL OUED GHIR BEJAIA;;06510818091;198119190118430;06/00 0993055A16
C700;EURL MODERN ARCHTECTURE COMPAN;ZAC LOT 78 CNE OULED DJELLAL;BISKRA;07050756851;001907024388295;07/00-0243882B19
C701;DJOUDI SADDEK;VGE SEROUAL OUED GHIR BEJAIA;;06510741142;197506290049327;14 A 0985308
C702;ARRIS MADJID;VGE CHEURFA AZAZGA;;15181545019;197615180072917;0261434A07
C703;KERKADENE AMAR;VGE TAMRIDJT BEJAIA;;06221295613;195506460111343;06 00 0921412 A 99
C704;ETABLISSEMENT DE REALIS IND SE;BP 07 SERIANA BATNA;;05050601835;099005055080328;00 B 0222715
C705;MOUSSAOUI TAHAR;VGE DAR MHAND BOUKHELIFA;BEJAIA;06480913008;198706010049139;06 00 0966597 A 10
C706;LEFKI ABDELGHANI;CNE CHORFA BOUIRA;;10172176077;197710170058626;10A1440711-10/00
C707;SNC BAIFOUH ET KADI;IFRA KHERATA BEJAIA;;06440502148;001006449031936;06 00 0186925 B 10
C708;KHALDI ABDELKAMEL;VGE EL-KITOUN BEJAIA;;06020132845;196506020035934;99A0924365-00/06
C709;AFIA RAZIK;VGE TASGA TIMEZRIT BEJAIA;;06070100207;198606070013832;06/00 0962793 A 10
C710;GHANEM BRAHIM;VGE IBOURASSEN OUED GHIR;BEJAIA;06510668051;196319300201343;11A0967397-00/06
C711;SOUYADI SALEH;OULED SOUICI TAHER JIJEL;;18050179611;194618080194621;18/00-2220328A00
C712;MEZHOUD YACINE;VGE IGHIL IALOUANENE AMIZOUR;BEJAIA;06020557150;197306020053540;99A0923484
C713;HAIDOUS KAMEL;BOUDJELLIL W DE BEJAIA;;06018404977;198106230012250;06/00-0985906A14
C714;AYACHE ABDELGHANI;AIT SMAIL W DE BEJAIA;;06470392170;197806310004049;08A0953801-06/00
C715;BOUKAIBA FAHEM;VGE HELLIL OUED GHIR BEJAIA;;06510755226;198706134021534;06/00-09159491A09
C716;SELLAH MAHMOUD;VGE AKHENAK SEDDOUK BEJAIA;;06260103015;199106250023537;06/00-0970260A11
C717;AMARA EL FODHIL;VGE AKHENAK SEDDOUK W BEJAIA;;06260102337;198306260002639;06/00-09799813A13
C718;MIHOUBI SMAIL;BBA;;34050101431;197634040018338;01/2323215A01
C719;BIBI SMAIL;AKHENAK SEDDOUK BEJAIA;;06260105351;196206260009833;0938219A04
C720;AICH HAKIM;CNE TIBANE W BEJAIA;;06320782069;197706010093823;10 A 0963514-00/06
C721;DJOUDI AMAR;OUED GHIR BEJAIA;;06510308041;196119540007043;06/00 0948943A07
C722;MELLA YOUCEF;BIZIOU AKBOU W DE BEJAIA;;06160326907;198106250019731;06/00 0977829/A/12
C723;SELLAH SOFIANE;VGE AKHENAK SEDDOUK BEJAIA;;06260103276;199106250161138;06/00-0995058A16
C724;SELLAH NOURREDINE;VGE AKHENNAK SEDDOUK BEJAIA;;06260102958;198606250194616;06/00-0970608A11
C725;MEGROUS RABIA;VGE TAREGREGT AIT SMAIL BEJAIA;;06470391080;197806010443044;03A0935849-06/00
C726;CHETTOUH MADJID;CITE DU STADE AKBOU;;06251655004;198506250097713;06/00-0991498/A/15
C727;SGA LOCATAIRE TPMAT TEZKRATT;RESIDENCE EL KERMA 16105;BIR KHADEM ALGER;16108215031;099916000902595;99 B 9025
C728;AZIB ADEL;CNE DRAA EL KAID BEJAIA;;06450010609;198906440093416;06-00/0995913A16
C729;MEFTAH KHELLAF;CITE NOUVELLE AZZAZGA;TIZI OUZOU;15181545084;197715180067619;15/00 0274358 A 09
C730;BELAL ZAHIR;CITE 208 LOGTS BT A 02 N°07;QUARTIER SEGHIR BEJAIA;06014525301;196806520000246;06/00 0917656A98
C731;ATHMANE ABDELLAH;TIFILKOUT ILLILTEN TIZI OUZOU;;15330302643;197215170017929;15/00 0241509A03
C732;AZZOUG FARID;VGE MELLALA OUED GHIR BEJAIA;;06510716003;198706510005435;09A0959275 00/06
C733;AHFIR KHALED;VGE IMEZOUAGH TIMEZRIT BEJAIA;;06070550503;198806070046135;11A0967393-00/06
C734;BENHAMMA TAHAR;VGE TISSA CNE SMAOUNE BEJAIA;;06120080411;195206120292338;06/00 0981231A13
C735;LOUANAS AMAR;VGE REMILA FENAIA BEJAIA;BEJAIA;06180159155;797228179004311;06 00 0975956 A 12
C736;IMEDNI TARIK;LARBAA NAT IRATEN TIZI OUZOU;;11010125359;184152101101169;15/00 1025027A14
C737;SNC LASMI ET CIE HYGIENE;OULED SAADI TALA IFACENE;SETIF;19420982307;001019420045063;19/00 0088939B10
C738;CHERIFI AMAR;VGE IGHIL EL BORDJ BEJAIA;;06016604061;198206010427244;04/A/0937538
C739;SAIDOUNE YACINE;VGE AFIR BOUDJIMA TIGZIRT;TIZI OUZOU;15550722001;197915010149627;15/00 0287765765A11
C740;SALMI ABDESLAM;VGE IBOURASSEN OUED GHIR;BEJAIA;06510632004;198506130009439;06/00 0965593A10
C741;GOUGAM HAMZA;VGE REMILA SIDI AICH BEJAIA;;06390600719;199206390152328;06/00 0991869A15
C742;BENALI MOHAMED REDA;CTE DES 36 LOGTS BT B 09;EL HAMADIA BEJAIA;06015005111;197123010496723;06/00 0939173A04
C743;MAMMERI ZINEB;AKABIOU TIMEZRIT BEJAIA;;06070380127;295206070306444;06/00-0954874A08
C744;SEFOUANE MADJID;VGE BERKOUKA MAATKA;TIZI OUZOU;15293104501;189154000984174;15/00 0313726/A/15
C745;ZERIFI KHELLAF;VGE IGUERSAFENE IDJEUR;BOUZGUENE TIZI OUZOU;15490117221;197515180096224;15/00 0274674A09
C746;TEFFAHI HICHAM;19 RUE ALLOUCHE ABDELKADER;EL-KSEUR BEJAIA;06400076231;197216170678811;06/00 0988483A14
C747;AYAD RIAD;OUED GHIR BEJAIA;;06511337003;198406010182140;06/01 0944024A05
C748;IBEROUALENE AKLI;VGE TAMASSIT AGHRIBS AZZEFOUNE;TIZI OUZOU;15534554664;197515040039239;15/01 0260325A07
C749;ZEBICHA HAKIM;VGE TALANJAST BOUKHLIFA;BEJAIA;06480813451;197906010363237;06/00 0965123A10
C750;SARL TRANS MES;CITE 600 LOGTS BT A 22 N°028;IHADDADEN BEJAIA;06017605882;000806019037151;08B0186055 00/06
C751;SARL CARF SERVICES;VGE TIMERMEZ SEDDOUK;BEJAIA;06260321651;001506269029633;06/00 0188726 B 15
C752;BOUZEBRA SAADI;VGE TIFRITINE FERAOUNE;BEJAIA;06030456504;196706340076327;06/00 0945607A06
C753;FERTAL DJAMEL;AIT ZELLAL SOUAMAA MEKLAA;TIZI OUZOU;15050971124;172160204585166;15/00 0234447A01
C754;SARL VMS INDUSTRIE;HELLOUANE OUZELLAGUEN;VEJAIA;06360210008;001406018821132;06/00 0188211B14
C755;KHELLOUFI KAMEL;VGE AIT SIDI ALI BARBACHA;BEJAIA;06340334232;199106340001934;
C756;SAHLAOUI SMAIL;LAGHOUAT 03000 LAGHOUAT;LAGHOUAT;03010111185;197103010058051;03/00 4627053A10
C757;EURL LTNC HADDI;LOTISSEMENT ZAIDI EL KSEUR;BEJAIA;06400539521;197706250248328;06/00 0189385
C758;IZEBATENE ALI;VGE IBOURACENE OUED GHIR;BEJAIA;06510413010;198406510001736;06/00 0959109 A 09
C759;IDIR MOULOUD;VGE IBOURACENE OUED GHIR;BEJAIA;06510440004;195119300276234;11 A 09070191 00/06
C760;HOUICHI ABDELKADER O/KHELIFA;006 RUE HADJADJ MILOUD;HAI BELKHADEM MECHRIA;45020062009;196520120012059;99 A 4113370-45/00
C761;SARL AGGLOLUX;CITE EL DJESSASSIA LOCAL N°01;MSILA;28012503996;001428019016838;28/00 0563891BC14
C762;SIDANE BILAL;VGE BORDJ MIRA TSKRIOUT;BEJAIA;06310240102;198606310009338;06/00-0990553A15
C763;SARL TIZI CERAMIQUE;ZONE DES DEPOTS ROUTE D'ALGER;TIZI OUZOU;15011709022;099815004235045;98B0042350-00/15
C764;SARL CONSERVERIE ALIMENTAIRE;BOUATI MAHMOUD GUELMA;;24031768174;099824038210192;98B0382101-07/24
C765;SPA SNTP;;;16308295021;097716200016833;99B0010456
C766;SIDANE AZZEDINE;VGE OULED MEBAREK TASKERIOUT;;06310320994;198806310016827;06/00 0990112A15
C767;EL ARBI LADAMI BEKAI;RUE MALTA TAMENRASSET;;11010121436;999190299014920;06A1016330-11/00
C768;MAHMOUDI EL MAHDI;IGHIL IZOUGAGHENE AIT TIZI;SETIF;19540023300;172193001026113;01A0444163-19/00
C769;BAGHDAOUI ABID;VGE AFRA CNE AMIZOUR BEJAIA;;0602036601;198406020002058;11A0970933/00-06
C770;SARL STATION SERVICE SOUMMAM;VGE AVADOU ILMATEN FENAIA;BEJAIA;06180775381;000306180254064;03B0184151
C771;OUALI KAMEL;VGE MELBOU W DE BEJAIA;;06440021295;196306080017050;98A0919012 00/06
C772;LAITERIE AMIZOUR SPA;AINE AMOUCHI AHMED AMIZOUR;BEJAIA;06020010583;099506029000237;06/00 0183519B00
C773;SOCIETE NATIONALE DE TRV PBLIC;BEJAIA;;16308295021;097716200016833;99B0010456
C774;DJEMOUNE SMAIL;CITE TINDOUF LOUTFI;TIDOUF;37010009227;196306080000647;12 A 3215098 00/37
C775;HAMZAOUI MESSAOUD;SETIF;;19300172131;1955193057430;19/00 0465337A06
C776;SPA BASP;BP 86 HASSI MESSAOUD;;30040212094;000330049000362;03B0123263
C777;SNC AKABIOU BENMAMAR FRERES;TIMEZRIT BEJAIA;;06070383815;0007060079008543;07B0185449
C778;BELAIDI NACEUR;CITE 56 LOGTS BT C1;SAID HAMDINE ALGER;16097415012;196015179002334;13A5017102 00/16
C779;BIBI MAKHLOUF;VGE AKHENAK CNE SEDDOUK;BEJAIA;06260105375;197515170050435;06/00 0958657A09
C780;BOUAMAR HAKIM;QUARTIER IMADALOU SIDI AICH;BEJAIA;06390600092;197506390018136;06/00-0956177A08
C781;DADA ABDELMADJID;MOSQUEE 12 BECHAR;;08017202166;159080100351141;08/00 1473314A15
C782;SARL GCTS GLOBAL COMMERCE TVX;VGE TIOURIRINE OUZELLAGUEN;BEJAIA;06360211131;001706018917779;17B0189177 00/06
C783;SARL TRANS DAKAR;CITE ADJROUD AMIZOUR;;06020075162;000706018542138;06/00 0185421B07
C784;SELLAH ACHOUR;AKHENAK CNE SEDDOUK BEJAIA;;06260109753;159062600057452;06/01 0934224A02
C785;OUNNOUGHI FERHAT;AKABIOU CNE TIMEZRIT BEJAIA;;06070393821;198906390230720;06/01 977269A12
C786;ZOUTAT BACHIR;VGE TAREGREGT CNE AIT SMAIL;;06470020536;196106470000642;06/00 0920686A99
C787;SPA TMF LOGISTIQUE;ZAC TAHARACHT AKBOU;;06252486133;000406018472857;04B0184728
C788;MADI ABDERRAHMANE;VGE AACH IGHIOUAR;;06481301251;197106480008925;06/01 0959923A09
C789;SARL ECSB CENTRE COMMERCIAL;CENTRE COMMERCIAL EL-KSEUR;BEJAIA;06400014899;001206018742473;06/00 0187424B12
C790;MAHFI NABIL;CITE AIT SAID AKBOU BEJAIA;;06252608206;198806250322432;06/00-0985071A14
C791;OUDJHANE TAHAR;RUE DES FONTAINES AKBOU;BEJAIA;06250483002;197706250152627;06/00-0958288A09
C792;EGTPH TPM SELLAH ABDELGHANI;AKHENAK CNE SEDDOUK BEJAIA;;06260103010;198006260039237;06A0947514 06/01
C793;DJENNADI SAADI;CNE AMIZOUR BEJAIA;;06020118351;196006029002146;01A0930987
C794;SNC CARAVANE D'AKFADOU HADJEM;LOT N°4 VGE AIT AICHA;CNE IDJEUR;15490310722;000915004759446;15/00 0047594B09
C795;MAHMOUDI MOURAD B/BENZIANE;;;;;
C796;LARAB MOHAND AMEZIANE;;;;;
C797;MILI BOUBEKEUR;;;;;
C798;ETS SI ABD ALLAH ABD EOUAHAB;;;;;
C799;EURL IRMANE CONSTRUCTION;VGE AIT SIDI ALI BARBACHA;BEJAIA;06340332171;001506018843703;15B0188437-00/06
C800;EURL AMAD EDDINE SABLIERE;DIAR EL-AMEL BIR ELDJIR ORAN;;31032903424;000931011056080;09 B 011056-31/00
C801;KHALDI OMAR;VGE DAR DJEBEL BEJAIA;;06017804772;197606020041541;08A0955269 06/00
C802;TARAFT TAIEB;VGE SMINA BEJAIA;;06017204282;197906020051046;11A0973128 00/00
C803;MEKLAT YACINE;VGE SIDI AHMED SMAOUN BEJAIA;;06014402282;197906120026045;11A0971336 06/00
C804;BEN YACINE TRANSPORT DE CARBR;;;;;
C805;SNC GROUPE DECORS BENHAMED;IBOURASSENE OUED GHIR BEJAIA;;06510668122;000206018395084;06 00 0183950 B02
C807;SARL TTGT;RN 26 LOCAL N° 12 TAZMALT;BEJAIA;06271850010;001506270016655;15B0188541-06/00
C808;EURL SEK SERAM;COOP IMMO ESAADA N°20 SETIF;;19019270021;000519010585644;19 00 0086359 B05
C809;BELHADI AMIROUCHE;VGE EL GHABA SMAOUNE BEJAIA;;06120041922;199006390106042;06 00 0976423 A 12
C810;PT PERTAMINA ALGERIA EKSPLORAS;19 RUE ABDELKADER STAMBOULI;EL MOURADIA ALGER;ATT N°1555/E-P/16;316041000055877;316041000055877
C811;HADDAD FAHIMA;VGE TALA ATTA AIT SMAIL BEJAIA;;06225110203;297806220007143;09A0961023-00/06
C812;DIVINDUS DMC SPA UNITE BEJAIA;BOULVARD KRIM BELKACEM;BEJAIA;000084026;001619009219803;16B0092198-06/45
C813;HENIA MOHAMED EL BERKA;TAMANRASSET;;11010100448;794711010035732;11/04 1010804A98
C814;SARL OVO ZACCAR;105 RUE BELKACEM OUZRI;BLIDA;09015214418;001409019033350;09/00 0808576B14
C815;ETS GUELIB SABRI;;;;;
C860;SARL OXI LOG;CITE 120 LOGTS SIDI ALI LEBHAR;BEJAIA;06018206922;001706019015351;06/00-0189288B17
C899;RAHAL BILAL;LOT 263 LOTS ILOT 53 SECT 35;SIDI EMBAREK BB ARRERIDJ;34100291721;198834020126531;34/00-2342853A09
C900;AIT HELLAL LOUNIS;VGE AMALOU W BEJAIA;;06160011747;198106250272430;06 00 0960272 A09
C901;AIT HELLAL YANIS;VILLAGE BIZIOU;BEJAIA;06160310388;199406250292813;20A1008811 06/00
C902;AIT KHEDDACHE MOUSSA;;;;;
C903;AMGHAR ABDELGHANI;CITE 116 LOGTS BT BNX04 BEJAIA;;06016005104;196706400029042;06/00-0982712A13
C904;BENSOLTANE AHCENE;VGE BOUHAMZA W DE BEJAIA;;06370807605;198606250305239;14A0986986-00/06
C905;BENMEZIANE ABBAS;CITE KOBBI SEDDOUK BEJAIA;BEJAIA;06260097161;197906250317724;06/00 0973202 A 11
C906;LARABI MADJID;TIZI RACHED TIZI OUZOU;TIZI OUZOU;15220191201;167152200053130;15 00 0293285 A 12
C910;EURL KOUICI FREINS;CITE ERIADH N°01 B BATNA;;05715201747;001605019018449;05/01 0225513B16
C911;SARL BETONEX;ZAC TAHARACHT BP 174A AKBOU;BEJAIA;06256000081;0998060182301;98B0182301
C912;EPE CARROSSERIE INDUSTRIELLE;AIN BOUCHEKLF TIARET;;;000814042301104;08B0423011 14/00
C913;ZIANI LAYACHI;TIMEZRIT W DE BEJAIA;BEJAIA;06070100497;198606390076711;14 A 0988196 00/06
C914;ABERBOUR LAAZIZ;CNE TAZMALT BEJAIA;;06270388081;196006270008247;97 A 0910875-00/06
C915;AIMENE RACHID;CNE AHNIF BOUIRA;;04 A 1426227-01/10;198210370175917;04 A 1426227-01/10
C916;MOUHOUB BOUBKEUR;;;;;
C917;CHINA COMMUNICATION COMPANY;IGHZER AZARIF OUED GHIR;BEJAIA;00071803;001406019003653;1000 00000040563
C918;SAIGH MOHAND AMEZIANE;21 ROUTE DE LA DAIRA SIDI AICH;BEJAIA;06390066206;197706390020532;07 A 0951137-00/06
C919;EURL GHPB TRAVAUX;QUARTIER TIMEZEGHRA SIDI AICH;BEJAIA;06390202305;000806390002460;08 B 0185734
C920;SARL AKSIL CONSTRUCTION;AZAGHAR CNE AKBOU BEJAIA;;06252202502;001506250024167;15 B 0188634-00/06
C921;TIGHIDET MOUSSA;VGE TAKLAIT IHADDADEN BEJAIA;;06013901502;194206480132439;99 A 0922038-00/06
C922;EURL GOLDENMOON GLOBE ALGERIE;COOPERATIVE CITMIL DELY BRAHIM;ALGER;16233137051;000816098078888;08 B 0980788-00/16
C923;CNAC HAROUNE ZAHIR;VGE AKANTAS FERRAOUNE BEJAIA;;06030072931;197606340052922;11 A 0974414-00/06
C924;ETBPH DJENNADI OMAR;VGE TROUNA CNE BENI MAOUCHE;BEJAIA;06500525311;198006250339725;03 A 0936700
C925;ETS AMAOUCHE ABDELKADER;BP 498 LIBERTE BEJAIA;;06016701354;188160103503181;09 A 0959570-01/06
C926;ETPB-TCE DJERMOULI MOULOUD;RN Fbg DE LA GARE AKBOU;BEJAIA;06251099050;195406050321643;99A0921524-01/06
C927;HAMZAOUI AMOKRANE;TADERT AZAZGA W BEJAIA;;15081551175;197115180080922;15/00 0240890A03
C928;DJOUDI RABAH;BVD MARTYRE KACI R. OUED GHIR;BEJAIA;06511074261;197419300113929;06/00-1001588A18
C929;SELLAH FARES;AKHENAK SEDDOUK BEJAIA;;06260103756;198406260006636;06/00-0967120A10
C931;SNC HEBBACH ABDERRAHMANE&FILS;VGE BORDJ MIRA TASKRIOUT;BEJAIA;06310403244;001006310018368;06/00-0186772B10
C933;EURL MOUZAIA SOFIANE ELMOSTEKB;VGE SBIHA SMAOUNE BEJAIA;;06120058801;000906129018346;06/00 0186354B09
C939;MERIDJI BAYA;;;;;
C941;SARL MAZMER MATERIAUX DE CONST;;;;;
C943;IGOUCIMENE FAOUZI;VGE KLAA TIMEZRIT BEJAIA;;06070580202;198306390185516;06/00-0973489A11
C945;ZERKOUNE SOFIANE;TIZI N'BRAHEM TALAIFACENE;SETIF;19420046784;1980019430048916;
C954;LAGGOUN MOHAND OUSLIMANE;;;;;
C955;SABOUR HAKIM;;;;;
C956;BEJAIA LOGISTQUE;IGHZER AMOKRANE IFRI OUZELLAGA;BEJAIA;;000706018566374;06/00-7B0185663
C957;MESSAOUDI LATIFA;01RUE MOHAMED KHELIL H-DEY;ALGER;16177399091;282160101525104;09A4879180-16/00
C958;CHAABNA SLIMANE;CNE CHELIATA;W BEJAIA;06050044450;197106250099717;0940347A04
C959;MOHELLEBI MOHAMED;AZAZGA;TIZI OUZOU;15181300427;171151800624149;15/01 0253982A06
C960;SAIT ABDESLAM;CNE DERGUINA;BEJAIA;06204503622;196806200031443;01A0932927-00/06
C961;MOHDEB FARES;CITE 20 LOGT CFPA AMIZOUR;BEJAIA;06020087204;198306510005243;06/00 0969308A11
C962;NAIT MOHAND AMEUR;VGE ICHIKAR CNE TAZMALT;BEJAIA;06271129022;196906270060822;06/00-0944440A05
C963;ALI SLIMANE HAMOU;AKBIL W TIZI OUZOU;TIZI OUZOU;15030430184;177150300121163;15/00-0272643A09
C964;BELKAID MAHANI;VGE TIGHARMINE CNE M'CISNA;W BEJAIA;0690442432;197806260010146;06/00-1004340A19
C965;AMEUR LAID;VGE LAAZIB OUED GHIR;BEJAIA;06511910192;197819300124824;06/00 0960690A09
C966;EURL ELHADIBIYA COMMERCE ET IN;HAI ESSADA N°19 REGGANE;ADRAR;01040004754;000601088251527;01/08-0882515B06
C967;BAROID ALGERIA DE SERVICE AUX;;;;;
C968;SELLAH OMAR;VGE AKHNAK SEDOUK;SEDOUK BEJAIA;06260065537;19606260016711400000;06/00-5812151A21
C969;ZIANI ABDENASSER;VGE TIGHRAMT TIMEZRIT BEJAIA;;06071713055;198606070038039;08A06/00-09533109
C970;EPE SPA FEROVIAL CONSTR.MAT;BP 63 ANNABA ROUTE D'EL HADJAR;ANNABA;23057604011;099923036261046;23/00-0362610B99
C971;SNC LIMPIDE HANOUTI ET CIE;LOC 01 02RDC IGUER OUZEJIG;BOUZGUEN W TIZI OUZOU;15341128015;001315349027538;13B0049172-15/00
C972;ABBACI NABYL;;;;;
C973;ENTREPRISE PUB ECO DE CONSTRUS;FERROVIARES BP 63 ANNABA;ANNABA;23057604011;099923036261046;99B0362610
C974;HAMITOUCHE NADJIB;;;;;
C975;ONAB BEJAIA;;;;;
C976;ISMAIL FATAH;SIDI AHMED W BEJAIA;;06015602066;197306010058723;0957184A09
C977;MADI AHMED;VGE IGHIL OUAZOUG;BEJAIA;06017503042;796606130004141;98A0919808-06/00
C978;SARL AZA TRANS TB;AZAZGA W TIZI OUZOU;;15180020130;001515004977418;15/00-0049774 B15
C979;TIAOUININE MOURAD;VGE BERBER CNE TIMIZART;TIZI OUZOU;15080560650;175151801037179;03 A 0239842-15/00
C980;HAMDOUNI SALEM;CITE HAMDOUNI SEDDOUK;BEJAIA;06260084117;197506260002443;06/00-0966446A10
C981;MOUMENI KHALED;AMALOU SEDDOUK W BEJAIA;;06160327356;197806160019139;06/00-0963400A10
C982;DJEMAOUI LYES;;;;;
C983;AZZOUG ALI;MELLALA OUED GHIR W BEJAIA;;06510710020;195819540001142;06/00-0923804A99
C984;HAMI FAROUK;;;;;
C985;CHAABNA MALEK;AKBOU;W BEJAIA;06258004237;197906250044038;06/00-0973015 A 11
C986;AIS ABDELYACINE;LOT COMMUNAL NX 01 AMIZOUR;W BEJAIA;06020093942;197906200004639;06/00-0967178A10
C987;RAHMANI LARBI;;;;;
C988;LADJMIL AIMED;01 RUE TIBOUCHE HUSSEIN;EL-KSEUR BEJAIA;06400087022;199906400026429;06/00-1004316A19
C989;DJENADI NACER EDDINE;SIDI AHMED;W BEJAIA;06015801056;199406390143523;06/00/1003973A19
C990;SNC MOHALI ECOTP;VGE LAAZIB SEDDOUK;W BEJAIA;06260100275;099906260052133;06/00-0182808 B 99
C991;BELKAID MAHANI;VGE TIGHARMINE CNE M'CISNA;W BEJAIA;0690442432;197806260010146;06/00-1004340A19
C992;KADIM HAKIM;AMALOU W BEJAIA;;06160014759;19006250082414100000;06/01-0979070 A12
C993;MOUMENI ABDELHAK;VGE BIZIOU AMALOU;BEJAIA;06160327391;198506250040338;06/00-0958302A09
C994;SELLAH KHOUDIR;VGE AKHNAK CNE SEDOUK BEJAIA;;06260103051;197606260034630;06/00-0962405A10
C995;BOUZIDI ZAHIR;SIDI AHMED SMAOUN;BEJAIA;06120060135;198806390117526;20A1006845-06/00
C996;BADI FARES;RUE 15 VILLA N° 113 BELLE VUE;OUED SMAR ALGER;16154818020;198416130089912;15A03666512-00/35
C997;ALOUACHE ZAHIR;VGE DAR DJEBEL;BEJAIA;06017802065;196806120028634;0948521A07-06/00
C998;RADOUANE NACER;VGE HELLIL OUED GHIR;BEJAIA;06510978171;799319549001011;16A0996195-06/00
C999;BOUMERTIT SALAH;TOUDJA;BEJAIA;06190434751;198306190013145;
CB00;BELHADI HALIM;;;;;
CB001;MEZIANI TAHAR;;;;;
CB002;YOUCEF DALIL;;;;;
CB003;YAHIAOUI ABDERAHMANE;CITE 68 LOGTS BP 02 SIDI AHMED;BEJAIA;06015203082;196006240008740;98A0918885-00/06
CB004;CHINA COMMUNICATION CONST;IMMEUBLE N°2 64 LGTS;SIDI ALI LEBHAR BEJAIA;00071803;314020000027117;10000000040563
CB005;IZRARENE LOUNIS;VGE AIT HAYANI CHELLATA;AKBOU;06253003115;198506250139036;12A0979124 00/06
CB006;ZERGUINI ALLAOUA;VGE LOTTA CNE DERGUINA BEJAIA;;06204001692;197906200038629;09A0956282 00/06
CB007;MELOUI BOUBEKEUR;CNE SEDDOUK BEJAIA;;06260016255;156060900083119;00A0927035-00/06
CB008;NABET NADIR;DEUX FONTAINE DARGUINA;BEJAIA;06204402862;196106080003156;98 A 0917573-00/06
CB009;LAGGOUN MOHAND OUSLIMANE;LOT COM NX 02 EL-KSEUR;BEJAIA;06400367557;199006400163040;15A0989744-00/06
CB00X00;BELHADI HALIM;;;;;
CB010;SNC TIFRA BETON BENAZZOUZ;VGE LAAZIB OUED GHIR BEJAIA;;06511898192;001706519023046;17B0189333-00/06
CB011;ETBTCE HADDAD FOUAD;BIZIOU AMALOU BEJAIA;;06160318877;180161700023105;14A0988244-00/06
CB012;CRCC 2000 LGTS OUED GHIR;ROUTE DE AMARA CHERAGA;ALGER;00035106;314020000021705;10000000001302(4-4)
CB013;AMEZA SALIM;VGE TAKLIAAT IHADDADEN;BEJAIA;06007704382;198406010288133;08A0956190-00/06
CB014;AIT HELLAL NOURREDINE;CNE AMALOU BEJAIA;;06160011847;197606160004638;06A0947135-03/06
CB0149;SNC ISSAAD FRERES GENERIC TRAV;VILLAGE TARGA OUZAMOUR BEJAIA;;06016103292;099706018200512;97B0182005-00/16
CB015;HADDAD MOHAND;VGE TAKHLIGHET CHELLATTA;BEJAIA;06057021081;796506050008236;01A0930623-00/06
CB016;BOUANANI AMAR;BOUADNI CNE SMAOUNE;BEJAIA;06017902119;196206120003551;04A0939990-00/06
CB017;SPA HYDRO-TECHNIQUE;KOUBA ALGER;;16420120816;0099916000930512;99B009305
CB018;HADROUG FATSAH;12 RUE ABDELKADER MOHAND;EL-KSEUR;06400090111;196006400008446;00A0928911-00/06
CB019;LASMI LOUANASSE;OULED SAADI TALAIFACENE;SETIF;1942098640;197619300006829;00A0440733-00/19
CB020;SAIGH MOHAND AMEZIANE;21 ROUTE DE LA DAIRA SIDI AICH;BEJAIA;06390066206;197706390020532;07A0951137-00/06
CB021;AIT HELLAL KHALEF;VGE TAOURIRTE CNE AMALOU;BEJAIA;0616001155;199106250303930;11A0971405-00/06
CB022;SOUALMI MOHAMED HANINE;VGE AKENTAS FERRAOUN;BEJAIA;06030072012;198406010097918;14A0985829-00/06
CB023;BEKTACHE SAOU;CRNA CNE OUED GHIR BEJAIA;;06511667025;196906510026628;97A0911042-00/06
CB024;SARL AKSIL CONSTRUCTION;AZAGHAR CNE AKBOU;;06252202502;001506250024167;15B0188634-00/06
CB025;SPA EPE FOREMHYD UNT KECHROUD;RTE DE BAGHAI BP N°141;KHENCHELLA;16200201121;099916080290666;99B0802906-00/16
CB026;SARL SALDAE NEW BUILD;VGE TAOURIRT BEJAIA;;06016701536;001706018932163;17B0189321-00/06
CB027;SNC BERIHANE ET FILS BTC;VGE TOUNEF TIMEZRIT BEJAIA;;06070371131;001206070027071;12B0187546-00/06
CB029;BOUSEKKINE NASSIM;AMAGAZ CNE M'SISNA BEJAIA;;06090441205;198406250146234;17A0999319
CB030;CHEBBAH BOUDJEMAA;CITE HAMLAT AKBOU BEJAIA;;06360219211;195006370172042;98A0912283-00/06
CB031;ETS SABOUR HAKIM;RUE DES ECOLES AOKAS BEJAIA;;06220595049;198206220088524;13A0983699-00/06
CB032;ETS AIT ELDJOUDI MD OURAMTANE;VGE DAR DJEBAL BEJAIA;;06016315196;197606340036628;04A0940556-00/06
CB033;CRCC 2000 LGTS RELIZANE;N°143 RTE DE AMARA CHERAGA;ALGER;00035106;314020000021705;1000000001302(4-4)
CB034;SARL VMS INDUSTRIE;VGE HELLOUANE CNE OUZELLAGUEN;BEJAIA;06360210008;001406018821132;14B0188211-00/06
CB035;EURL TIBLATINE CONSTRUCTION;CITE AOUCHICHE TARGA OUZAMOUR;BEJAIA;06016010002;00140601881665406001;14B0188166-01/06
CB036;SARL EGTC;RESIDENCE DES PALMIERS BEJAIA;;06013907022;001206018757810;12 B 0187578-00/06
CB037;BARKA KHALED;VGE DJERMOUNA KHERRETTA;BEJAIA;06440808962;166064400362172;99A0924701-00/06
CB038;ETBTCE DJAMA BOUBKEUR;RUE DES FRERES BOUAOUDIA BEJAI;BEJAIA;06012503644;153064800001145;97A0910670-01/06
CB040;MAHAH ACHOUR;VGE TIGHZERT BENI DJELLIL;BEJAIA;06230241510;167062300176186;99A0920810-00/06
CB041;SARL BTR METRIBAT;VGE IGUER GUENDOUZE FERRAOUN;BEJAIA;06030090387;001406018823446;14B0188234-00/06
CB042;SARL YALCINLAR;3200 LOGEMENTS LOCATION VENTE;BEJAIA;16550605931;001816101293705;18B1012937-00/16
CB043;ARBANE SABRINA;;;10172176651;298710370123628;09A0272155-00/10
CB045;SNC EL HIDHAB MEZADI -CHERIKH;;;;;
CB046;EURL GHPB TRAVAUX;;;;;
CB047;SNC EBTPH KESSAI ET CIE;VGE HOURA CNE BOUZEGUANE;TIZI OUZOU;1534202012;00515004590676;05B0045906-00/15
CB048;AMGHAR NABIL;PROMO SABRACHOU CITE SEGHIR;BEJAIA;06014514189;198306120046437;03A0935400-00/06
CB049;HADDAD MAKHLOUF;CITE MEKCHATEN SEDDOUK BEJAIA;;06260090357;198006010434737;10A0962299-00/06
CB050;KOURTA KARIM;VGE ALLAGHANE TAZMALT BEJAIA;;06278352004;198206250203736;08A0953618-00/06
CB051;BELABBAS NAIM;VGE AHRIK BOUZGUEN TIZI OUZOU;;15340766014;197815180094223;13A0302537-00/15
CB052;AIT KHEDDACHE AMAR;VGE TIMESRIRINE AMALOU BEJAIA;;06160243901;195206160294822;98A0919604-00/06
CB053;KESSOUS MOHAND AREZKI;BENI CHEBANA SETIF;;19090207845;196619090022926;06A0465994-00/19
CB054;AIMENE RACHID;CNE AHNIF BOUIRA;;10060000109;198210370175917;04A1426227-01/10
CB055;OUALI KAMAL;VGE MELBOU BEJAIA;;06440021295;196306080017050;98A0919012-00/06
CB056;SARL ENIGMA CONSTRUCTION;VGE M'SICNA SEDDOUK BEJAIA;;06090431655;001506090024363;15B0188637-00/06
CB057;IABBASEN HAMIMI;;;;;
CB058;SARL ARSSAYI TP;LOT DAUPHIN N°31 DRARIA;ALGER;;;14B1008633-00/16
CB059;SARL TISSA PLUS;VGE IGHIL OUAZOUG BEJAIA;BEJAIA;06019301792;000906018633629;09B0186336-00/06
CB060;ETB DJENNADI NAGUIB;VGE TIZI SMAOUNE BEJAIA;;06120804705;197806120012738;00A0930435-00/06
CB061;DJELOUAH AZZEDINE;;;;;
CB062;BRIKH NASSIM;VGE TIGHILT SMAOUNE BEJAIA;;06120021301;198706390030038;14A0988397-00/06
CB063;EURL IRMANE CONSTRUCTION;VGE AIT SIDI ALI BARBACHA;BEJAIA;06340332171;001506349007345;15B0188437-00/06
CB064;SNC TECHNIC CONSULT ETBTCE;CITE PEPINIERE BT C5 BEJAIA;;06017204484;099506019000336;98B0182560-00/06
CB065;AOUF HAMOU;CNE KHERRATA BEJAIA;;06440070910;196006440005445;03A0934924-00/06
CB066;BELHADJE NOURIA;VGE AKABIOU TIMEZRIT BEJAIA;;06070100245;298506070002050;11A0967213-00/06
CB067;ETPBTCE DJERMOULI MOULOUD;RN°26 fbg DE LA GARE AKBOU;BEJAIA;06251099050;195406050321643;99A0921524-01/06
CB068;SNC BELHADI ET AIT EL-HADI;VGE EL-GHABA SMAOUNE BEJAIA;;06120040231;;10B0186554-00/06
CB069;ZOUTAT BACHIR;VGE TAREGREGT CNE AIT-SMAIL;BEJAIA;06470020536;196106470000641;99A0920686-00/06
CB070;MOUHOUB BOUBEKER;VGE S'NADLA DRAA EL-GAID;BEJAIA;06450026094;197906440198608;06 A 0947886
CB071;AIT KHEDDACHE SALIM;VGE TIMESRIRINE AMALOU BEJAIA;;06160243910;198106250357820;08A0955902-00/06
CB072;CHAABANA LHACENE;VGE IACHOURENE CNE TIMEZRIT;BEJAIA;06070344712;195991639000115;01A0930459-00/06
CB073;SARL ETPBH CHALALI;VGE AOURIR CNE BENI DJELLIL;BEJAIA;06230162307;099606230632235;99 B 0182854-00/06
CB074;MESBAH ALDJA;VGE TIGHILT OUMTAL AIT R'ZINE;BEJAIA;06280339072;897306289001118;03A0936301-00/06
CB075;ETB TCE DJENNADI ABDELGHANI;VGE TISSA SEMAOUNE BEJAIA;;06120081234;197506120012643;06A0947401-00/06
CB076;SARL HERITIERS TALEB MOUNIR;BOULVARD MARI KIRCHANE LICHE;1436 CNE AIN AL TORK ORAN;31098212021;000831010958781;08B0109587-00/31
CB077;CHEGRA BOUALEM;VGE IBOURASSEN OUED GHIR;BEJAIA;06510520361;198819540000823;16A0993103-00/06
CB078;BENHACINE BOUZID;VGE IACHOUREN CNE TIMEZRIT;BEJAIA;06070343821;196606070034341;99A0920573 00/06
CB079;MEKBEL LOUCIF;VGE TIZI SMAOUNE BEJAIA;;06180954037;199406390178120;15A0991375-02/06
CB080;SARL CHINA XINTAI CONSTRUCTION;;;00077925;000918044296420;09B0442964-00/18
CB081;KERDJA MOURAD;EL MERDJ 2 TAZEBOUJT W BEJAIA;;06511733107;197919540175608;02A0933513-01/06
CB082;MENAA BOUZID;VGE SNADLA DRAA EL-KAID BEJAIA;;06450026046;178064501698106;05A0941093-00/06
CB083;EURL IDM PLASTS;LDT CHOKRANE CNE CHORFA BOUIRA;;10172171358;001810170011369001;18B0284507-01/10
CB084;SNC BOUTAGOUT IBERRAKEN;VGE SELLOUANA CNE OUZELLAGUEN;BEJAIA;06360122120;099806360542423;99B0182868-00/06
CB085;ETB-TCE OUBEKKOU KAMEL;AIT AISSA OUYAHIA ILLILTEN;TIZI OUZOU;15330361268;181151700215188;17A5511040-00/15
CB086;BOURAI NAIMA;VGE DAR DJEBEL BEJAIA;;06012001313;296806010085528;99A0921846-00/06
CB087;SARL CONSTRUCTION SEBA ET FRER;VGE AGHEBALA BENI DJELLIL;BEJAIA;06230022704;000606230469545;06B0185196-00/06
CB088;ETE ZAIDI LOTFI;04 RUE SALHI HOCINE EL-KSEUR;W DE BEJAIA;06400025053;198306400015440;04A0939820
CB089;SARL SF BUILDING;166 ROUTE WILAYA LOC 401;ALGER;165330010291;001816101396631;18B1013966-00/16
CB090;BOUDJEDIA BOUBEKEUR;VGE EL-GHABA SEMAOUNE BEJAIA;;06120040556;197906120025242;09A0958560-00/06
CB091;BOUKHALFA SAMIR;VGE TIZI IGHIL OUAZOUG BEJAIA;;06019301782;197519220038430;04A0939780-00/06
CB092;AZZOUG MEZIANE;007 RUE RABAH OUARET W BEJAIA;;06010719650;197706010431343;06A0947697-00/06
CB093;BOUZIDA MATOUK;VGE TAKRIETZ CNE SOUK OUFELLA;W DE BEJAIA;06300361092;198006290031438;13A0979544-00/06
CB094;MOUHOUB LOUNIS;VGE S'NADLA DRAA EL-GAID;BEJAIA;06450024692;178064400571183;02A0934641-01/06
CB095;IKHLEF ALI;TIFRA CENTRE W DE BEJAIA;;06140790163;199006140002154;18A1002905-00/06
CB096;EURL GE BE CO;ZONE INDUSTRIEL TAHARACHT;AKBOU W DE BEJAIA;06251799015;000906018643433;09B0186434-00/06
CB097;SARL SABY CONSTRUCTION;VGE AKABIOU LOT BOUIDGHAGHEN;TIMEZRIT BEJAIA;06070380113;001706079011644;17B0189225-00/06
CB098;TOUATI SMAIL;CITE BERCHICHE EL-KSEUR;;06400462041;197706400017044;00A0928782-00/06
CB099;MASSIOUN HAMZA;VGE AMSIOUANE CNE TIMEZRIT;BEJAIA;06070621001;183060700139166;04A0940573-00/06
CB100;DERGUINI DJOUDI;VGE LOTA LOT BEJAIA;SOUK EL-THENINE BEJAIA;06080607771;198706080042139;15A0991817-00/06
CB101;GHANEM LYAZID;RUE BOUALI HAMOU CTE BERCHICHE;BEJAIA;06400441511;19690640059426;03A0936250-00/06
CB102;BRAHMI MOHAND AMEZIANE;VGE TIZI SMAOUNE BEJAIA;;06120032233;198006120023349;08A0953950-00/06
CB103;HAMDI BACHIR;VGE SELOUANA CNE SMAOUN BEJAIA;;06420513950;197406340044238;02A0933823-00/06
CB104;HAMZIOUI MESSAOUD;IGHELEDENE BOUANDAS W SETIF;;19300172131;1955193057430;06A0465337-00/19
CB105;SNC BENAICHA HAFID-BOUICHI RAB;VGE OULMANE CNE TIMEZRIT;W BEJAIA;06070171921;000406070231465;04B0184461-00/06
CB106;KAMEL TOUFIK;RUE SEGHIR CHABANE EL-KSEUR;;06400102394;198206010307739;12A0976092-00/06
CB107;IHADDADENE LOTFI;VGE TAKERBOUST AGHBALOU;BOUIRA;10272276259;198306270106339;14A1454825-00/10
CB108;SNC RECOURE ARBANE BENKERROU;RESIDENCE GUELDAMENE GUENDOUZA;BT D RDC AKBOU BEJAIA;06255350541;001806250000466;09A0272155-00/10
CB109;SARL TPS MAAKNI;ZONE INDUSTRIELLE RUE GHARDAIA;;30010139950;001330012480183;13B0124801-00/30
CB110;SNC SEM MEHELLEB FRERES;CHEMINS DES CRETES BP 38 RP;BEJAIA;06017203194;099906018287675;99B0182876
CB111;ETB TCE ABDOUNE SAID;VGE BOUCHEKFA AIT R'ZINE;BEJAIA;06284333055;169061700205138;06A0944814-00/06
CB112;GUENADI AMAR;059 CITE EL GAMMAS CONSTANTINE;W DE CONSTANTINE;25016811555;197625010373332;16A0387147-00/25
CB113;FELFOUL FADILA;VGE BOUADNI CNE SMAOUNE BEJAIA;;06120501706;295606120021741;02A0932869-00/06
CB115;BENAICHA DJOUDI;VGE OULMANE TIMEZRIT BEJAIA;;06070171581;197206070068039;99A0923160-00/06
CB116;SARL SOCIETE COSTROUTE;BP 241 HASSI MESSAOUD;;06330380008;000839054306792;08B0543067-00/39
CB117;ABDERRAHMANE MOULOUD;VGE EL MAADI CNE LEFLAYE;SIDI AICH BEJAIA;06430657611;198629310204040;17A0996637-00/06
CB118;EURL BELBATI;VGE AHRIK CNE BOUZEGUENE;TIZI OUZOU;15342731012;000315004509467;03B0045094-00/15
CB119;ALOUI EL YAMINE;VGE TIZI CNE SMAOUNE BEJAIA;;06120030362;18806120000817700000;062600267/13
CB120;HITACHE YOUGHOURTA;VGE IZEGHAD CNE EL FLAYE;SIDI AICH BEJAIA;06430671012;197806390074517;99A0926647-00/06
CB121;EURL NOUR EL HANI;66 RUE DES MARTYRES;CNE EL-MOURADIA ALGER;16271245001;001716018938615;17B0189386-00/16
CB122;MOKRANI LYDIA;RUE 2 MARTYRES BOUDERUESE;OUED GHIR BEJAIA;06511479081;299206010298619;18A1000800-00/06
CB123;SNC MEHLEB FRERES;CHEMINS DES CRETES BP 38 RP BE;BEJAIA;06017203194;099906018287675;99B0182876
CB124;BELATTAF KHELLAF;VGE TILI OUAACADDI SOUK-OUFEL;BEJAIA;06300564851;198406390162715;19A1003928-00/06
CB125;SARL UFM INDUSTRIE HAMIDOUCHE;VGE AZAGHARR RN N°26;AKBOU;06252209023;000906018643535;09B0186435-00/06
CB126;COSIDER TP PROJET T 131;HALLOUANE OUZELLAGUENE;BEJAIA;06360038285;099916000936842;99B0009368-00/16
CB127;SNC SCBAS AIT AISSI CIE;VGE SIDI SAID CNE M'CISNA;BEJAIA;06090010185;09906090574123;00B0183260-00/06
CB128;MADI RABAH;TAZEBOUJTE ROUTE DE BOUKHIAMA;BEJAIA;06016115052;180064800137116;20A1008654-00/06
CB129;LANSEUR KHOUDIR;VGE BOUADNI CNE SMAOUN;BEJAIA;06120170512;197406120058336;07A0951663-00/06
CB130;SNC FRERE AIT YOUCEF;SMAOUN CENTRE CNE SMAOUN;BEJAIA;06120024551;001106120002966;11B0186971-00/06
CB131;EURL DYLAN NABIL;BOULVARD 1 NOVEMBRE CNE AKBOU;BEJAIA;06251611044;002006259024642;20B0190435-00/06
CB132;ETB-TCE MERIDJA SALIM;32 LOGTS N°19 SMINA CNE BEJAIA;BEJAIA;06017212012;198806010310248;20A1009471-00/06
CB133;ETB-TCE BENZENATI SALEM;QUARTIER SEGHIR LOT N° 06;BEJAIA;06020231491;174060200509191;98A0914581-00/06
CB134;NABET ABDELOUAHAB;CNE DRAA-EL KAID;BEJAIA;06450015022;197906450063913;06A0947962-00/06
CB135;SARL BETA CONSTRUCTION;LIEU DIT AHRIK ALMAS CNE TOUDJ;TOUDJA BEJAI;06190162157;001706018933473;17B0189334-00/06
CB136;EURL PROVANNE TRAVAUX TCE;QUARTIER SEGHIR BT D 08 BEJAIA;;06014509162;000706010004960;07B0185486-00/06
CB137;ETB-TCE SELAMA KAMEL;LOT CHADELI SECTION 109GR N°59;SETIF;19011146616;171190100544154;18A5325715-00/19
CB138;EGTPH IBAZIZEN YAHIA;VGE IGHER ALI LIEU DIT ADHIS;FERROUAOUNE;060300092062;198906400023630;18A1000550-00/06
CB139;AITOUT ALILI VENTE MATERIAUX D;VGE TIGHZERT CNE TOUDJA;;06017808062;196506010157242;15A17808062
CB140;TOULOUM FARID;TALA MARKHA CITE ZAOUCHE;BEJAIA;06017304586;197106070290830;11A0973811-00/06
CB141;ICHALLAL HACHEMI ETB-TCE;VGE IGHREN HARATH;SIDI AYA;06210436961;197506210005347;06A0947229-00/06
CB142;TRAVAUX D'ETANCHEITE REDJAL;VGER SIDI AHMED;SEMAOUN;06120060731;182061200397182;11A0968881-00/06
CB143;MATERIAUX DE CONSTRU ZIDAT HAK;VILLAGE IBACHIREN;OUED GHI;06510165004;197606130014737;99A0923579-00/06
CB144;BENHAMMA BOUBEKER;VILLAGE TISSA CNE SEMOUN;;06120081411;197006120004158;03A0937011-00/06
CB145;BEKTACHE NACIR;LOT 103 OUED GHIER W- BEJAIA;;0651147703;198006510008145;08A0955245-00/06
CB146;BESTANI HAMZA ENTREPRISE TRAV;VILLAGE OUED GHIR WILAYA BEJAI;;06511527006;180060101465173;10A0964815-00/06
CB148;DJEBILI AIMED ETB-TCE;RUE BOULEVARD LOT 04 SECTION 3;BOUIRA;100590804;179180501744168;19A1467229-00/10
CB149;LAGGOUN MOHAND OU SLIMANE;LOT COM NX 02 EL-KSEUR BEJAIA;;06400367557;199006400163040;15A0989744-00/06
CB150;SARL SOCIETE CIVIL IMMOBILIERE;LIEU DITAHRIK SIDI AHMED;;06015606027;000806018610870;08B0186108-00/06
CB151;LAOUI FARIDA ENTREPRISE PROMOR;05 RUE DES FRERES TAGHELMIMT;;06010451522;295706400024243;08A0952962-01/06
CB152;SARL DAR AL IZA BULDING;RUE BOUEDAOU NACER ZONE INDUST;BEJAIA;06014402794;00170606019011062;17B0189227-00/06
CB153;EURL BATI MAX CONSTRUCTION;AHL EL KSAR CNE AHL EL KSAR;BOUIRA;10222283601;002010028465381;20B0284653-/10
CB154;SAIDANI ABDALLAH;QUATRE CHEMINS BEJAIA;;06013902582;198406010009052;15A0991721-00/06
CB155;MENASRI HOCINE;198506010002744;;06014505329;198506010002744;07A0951114
CB156;C/D MTX CONSTRUCTION;OUED GHIR W-BEJAIA;;6519511441;195719300001543;98A0920327-00/06
CB157;ETB-TCE CHAKRI ACHOUR;VGE THALOUA KADI CNE SOUK OUFE;;06300376127;797806299006109;20A1007272-00/06
CB158;ADA LYES;CNE TAGHZOUT W-BOUIRA;;10090097309;199315400015437;03-21-001
CB159;BERBACHE LOUNIS;29 RUE AKIL SALEH CNE EL KSEUR;;06016802043;19206400083114500000;14A0986695-00/06
CB160;KERDJA MOURAD COMMERCE DE GROS;VGE IBACHIREN OUED GHIR;;06511733107;197919540175608;02A0933513-04/06
CB161;EURL SOUMMAM B M A ETB-TCE;VILLAGE TALA OURIANE ROUTE NAT;;06014203761;001506019034841;15B0188614-00/06
CB162;SNC GENERAL CONSTRU TOUAHRIA;BP 62 AKABIOU CNE TIMEZRIT;;06070481106;000206070488840;02B0184114-00/06
CB163;BOUMEZIREN RACHID;CITE METIDJI AKBOU W-BEJAIA;;06255340150;198806250318820;15A0991186-00/06
CB164;FETTOUS NASSIM ETB-TCE;VGE MAALA CNE SIDI AYAD W-BEJA;;06210440135;199006390168224;12A0975204-00/06
CB165;SARL TIFRA;RUE 06SAIDDANI YOUCEF BERCHICH;BEJAIA;06400467936;001806400003856;19B0189469-00/06
CB166;ETB-TCE AIT HAMMOUDA ZAHRA;VGE IGHL IGUENI CNE AMALOU;BEJAIA;06160101451;297406370032237;03A0935390-00/06
CB167;ETB-TCE HAMLAT MOHAND CHERIF;TAL IGAOUAOUENE CNE BOUHAMZA;BEJAIA;06370811376;192062500891123;19A1004739-00/06
CB168;DJENNADI RACHEDINE;VGE TISS SMAOUN;BEJAIA;06120804708;197906120060631;13A097967-00/06
CB169;ETB-TCE ALOUI EBDERRAHMANE;VGE IADNANENE CNE FERRAOUN;BEJAIA;06030091061;197406340034338;15A0990770-00/06
CB170;SARL DREAM COS;2 DELY BRAHIM;ALGER;16233682102;000235072358867;02B0723588-00/16
CB171;CHALALI MOURAD ETUHP;CITE DJAMA BEJAIA;BEJAIA;06016102773;1973062300004446;08A0954722-00/06
CB172;BEHLOUL LACHEMI E T CO BAT TCE;09 ROUTE DE SETIF BP 115 BL;BEJAIA;06010158811;146060100077155;98A0916584-00/06
CB173;KORICHI MERWANE;CITE LARARSAC LIEU DIT LOT B N;SETIF;0617909001;1990604400656147;19A5330497-00/19
CB174;MELOUI TOUFIK;SEDDOUK CENTRE CNE SEDDOUK;BEJAIA;06390600673;197706260035922;04A0940436-00/06
CB175;CHINA HARBOUR ENRGINEERINNG CO;3 RUE DDIAR ENAAMA VILLA N°10;EL BIAR ALGER;00054429;314020000033823;07S0974849
CB176;ETB TCE SEBA EL YAZID;VGE AGHBALA CNE BENI DJELLIL;BEJAIA;06234022013;197706230004736;04A0938309-00/06
CB177;ETB-TCE ST.PH HAMMAOUI MD SAID;ZONE D'ACTIVITE EL KSEUR;BEJAIA;06500472765;171064000192141;98A0912525-00/06
CB178;AIT OUARET RAZIK;;;;;
CB179;EURL INTERFACE HOMME MACHINES;;;;;
CB180;ETPBH BRAHIMI RACHID;VGE TALA OUHNICHE KHERRATA;BEJAIA;06440520450;197606440173620;07A0951798
CB181;ETB-TCE HAFHOUF RACHID;VGE AZAGHAR DRAA -EL -KAID;BEJAIA;06450808930;197706450058618;02A0933578-00/06
CB182;SARL ENTR DE TRAVAUX PUBLICS;CNE BEJAIA;BEJAIA;06017203192;099906018282655;99B0182826-00/06
CB183;ETB-MADANI ABDELAZIZ;DJBEL KHELIFA, CITE SOUMARI;BEJAIA;06010517965;197306440149623;03A0935882-00/06
CB184;SLIMANOU CHAFIK;CITE AMIROUCHE ALI LOCAL 2;ZIAMA MANSOURIAH JIJEL;;180060800693194;14A2253518-00/18
CB185;MAMERI ABDELKRIM;VGE TIZI AHMED TICHI;BEJAIA;06111431010;171060100785137;98A0917997-00/06
CB186;EGTPH-ETB.ETF AIMENE HAMOU;VGE BOUAKLANE CNE M'CHEDALLAH;BOUIRA;10372376890;198910370032530;14A1454456-00/10
CB187;SARL ASKON CONSTRUCTION;333 CITE DJENANE OMER;KOUBA - ALGER;16181727031;001516099045748;15B0990457-00/16
CB188;CHINA ROAD AND BRIDGE CORPORAT;VILLA N° 12 RUE 1 LEON TOLSTOI;HYDRA -ALGER;09180990508;320020000078940;911100007109338178
CB189;ETB-TCE- RABIA SYPHAX;VGE TIKRINE CNE BOUDJELLIL;BEJAIA;06525096020;195062503090192;21A5811661-00/06
CB190;ETB-TCE DJENADI ABDELGHANI;VGE TISSA SEMAOUN;BEJAIA;06120081234;197506120012643;06A0947401-00/06
CB191;EURL AYMIR BATIMENT;TALA N TAZART CNE M'CISNA;BEJAIA;06090441207;002106019055039;21B0190550-00/06
CB192;SARL AZ BATI TEC;EL KSEUR W DE BEJAIA;;06400056623;002106019053337;21B0190533-00/06
CB193;EGTPH-GENIE CIVIL ET BAT ARFI;CITE REMLA;BEJAIA;06019205572;198806470016526;07A0949042-00/06
CB194;BENSAKHRIA AHCEN;VGE CHIKHOUNE OUZELLAGUEN;BEJAIA;06368001918;198506250100835;14A0985589-01/06
CB195;SNC TPB MENAA FOUDIL & FRERES;MELBOU CENTRE -MELBOU-;BEJAIA;06412010002;000106018378658;01B0183786-00/06
CB196;ETB TCE MOULOUD IDRIS;VGE RIFF CNE TASKRIOUTH;BEJAIA;06310080138;198106310040638;08A0952687-00/06
CB197;EURL CHARIK OUVRAGES;ZONE INDUSTRIEL BATIMENT F;BEJAIA;06014407033;002106019070035;21B0190700-00/06
CB198;SARL EBTPH OUARI;BP 15 CP 06530 BNI MAOUCHE;BEJAIA;06500540208;001906018978803;19B0189788-00/06
CB199;ETB-TCE MAOUCHI LAKHDAR;VGE BOUADNI CNE SMAOUNE;BEJAIA;06120170258;177063400319414;10A0966978-00/06
CB200;BEZZINA LOUNIS B/AKLI;VGE TIZI OUGENI ADEKAR;BEJAIA;06240171112;198706240003538;15A0992640-00/06
CB201;SARL PROM IMMO YEMMA GOURAYA;RESIDENCE LA GRANDE BAIE TOBAL;BEJAIA;06012507502;000506010830857;05B0184958-00/06
CB202;HAMDAOUI OMAR;;;;;
CB203;TIGHIDET MOUSSA;VILLAGE TAKLAIT IHADDADEN;BEJAIA;06013901502;194206480132439;99A0922038-00/06
CB204;PROM IMMO SAIDANI HOCINE;IGHIL OUREZOU CNE BOUANDAS;SETIF;19300385703;196419300051240;99A0428954-00/19
CB205;ETB TCE -NABET YAMINA;AIT ANANE CNE DERGUINA BEJAIA;;06204403305;298519400142917;20A1007597-00/06
CB206;"SARL DEBBOUZ ""DTLPP""";CITE REMLA BEJAIA;;06018801911;000406019007847;04B0184506
CB207;SPA TAGUELDA;VGE TIOURIRINE OUZELLAGUENE;BEJAIA;06360215075;001706360022850;17B0189296-00/06
CB208;EURL RIDALISO;"LOT RAHVA BT ""A"" LOCAL N° 6";AKBOU BEJAIA;06251410002;00150601886191506001;15B0188619-01/06
CB209;ETB-TCE AIT ABBAS ABDELHALIM;CNE SEMAOUN CENTRE;SEMAOUNE BEJAIA;06120830911;197306010263733;01A0931344-00/06
CB210;ETB-TCE EGTPH IBAZIZEN YAHIA;VGE IGHER ALI CNE FERAOUNE;BEJAIA;06030092062;198906400023630;18A1000550-00/06
CB211;PROMO IMMO ZAIDI MEHDI;"RUE""L"" ARRIERE PORT BEJAIA";;06330430481;17606010385617300000;05A0942829-00/06
CB212;EURL AKRAM CONSTRUCTION;RUE KRIM BELKACEM IGHILOUAZOUG;BEJAIA;06019207465;001106018716941;11B0187169-00/06
CB213;ETB TCE ABID RADOUANE;;;;;
CB214;GALOUL HALIM;RUE AISSANI SMAIL ELKSEUR BEJA;BEJAIA;06400075563;199006390090129;19A1006201-00/06
CB215;EURL PROCOST-TRVX BAT TCE;;;;;
CB216;BETTAR ACHOUR;;;;;
CB217;KENTOURI NABIL;;;;;
CB218;SPA LA BIANCA -PROMMO IMMOB-;;;;;
CB219;SARL PRIMOC CONSTRUCTION;ZAC IBOURASSENE OUED GHIR BEJA;BEJAIA;06510604269;001606018879887;16B0188798-00/06
CB220;ETB TCE -MEKBEL FAWZI-;CITE 216 CNE SIDI AICH BEJAIA;;06390190824;19206390134713400000;18A1000327-00/06
CB221;ABERBOUR LAAZIZ;;;;;
CB222;BENIDIRI NASSIM -MAçON ARTISAN;;;;;
CB223;AMGHAR FARID;;;;;
CB224;ETB TCE CHELAGHA NABIL;VGE BOUADNI SMAOUN;BEJAIA;06120170132;198306390155130;10A09632322-00/06
CB225;BELLOUL AMAR;;;;;
CB226;AIDOUN MOHAND;;;;;
CB227;BOURDJAH AMINE;VGE TALA OUARYANE CNE BEJAIA;;06014203782;18518010073015700000;18A1000230-00/06
CB228;BERBACHE NABIL;ZONE INDUSTRIELLE EL KSEUR;BEJAIA;06400309817;1790601105163127;18A1002657-00/06
CB229;BENHAMMA SACI;;;;;
CB230;EGTPH -BARICHE HAFID-;TIZI IGHIL OUAZOUG;BEJAIA;06019507717;182060103641175;11A0967396-00/06
CB231;ETB TCE BENMECHTA FATAH;HELLIL CNE OUED GHIR;BEJAIA;06020060951;19841940260032;19A1003688-00/06
CB232;DJOUMI LOUNES;;;;;
CB233;SARL ETB ET EQUIPEMENT;CNE BEJAIA W BEJAIA;;06017203192;099906018282655;99B0182826-00/06
CB234;ETB TCE DAHGANE SAID;SAMAA CNE BOUHAMZA BEJAIA;;06370573051;192062502998132;15A0992364-00/06
CB235;HAMZAOUI MOHAMED;VGE GUERGOUR TIZIN'BECHAR SETI;;19382905001;189190201840135;16A5313971-00/19
CB236;SARL RAAD IMMOBILIER;CITE BOUKTIT CNE AKBOU BEJAIA;;06252805205;002106019077471;21B0190774-00/06
CB237;SARL HYDROPLUS;TAGHZOUT CNE FLAYE SIDI AICHE;BEJAIA;06430680041;099806018225888;98B0182258-00/06
CB238;SARL BOUAICHE CONSTRUCTION;KADIRIA CNE KOUBA W ALGER;;16184890012;001616099895038;16B0998950-00/16
CB239;TITOUAH MOURAD;GUENDOUZA AKBOU W BEJAIA;;06252700090;197231010338439;99A0926343-00/06
CB240;C.D MAT.CONST. YAHIAOUI YAZID;VGE IIYAHEN CNE TALA HAMZA;BEJAIA;06330376108;16219540010347100000;99A0427231-00/06
CB241;AIT KHELIFA ABDELHALIM;HAI 120 LOGTS SEGHIR BEJAIA;;06260163206;173062600420121;11A0972152-00/06
CB242;MADAOUI ZOULIKHA;VGE AZEGHAR AKBOU BEJAIA;;06252908126;298606250140922;12A0978877-00/06
CB243;ETS AIT AISSA NACER;BD KRIM BELKACEM IGHIL OUAZOUG;BEJAIA;06190310101;186061900117165;13A0983248-00/06
CB244;ETB-TCE/GTPH-FERGANI MOHAND MO;CNE TIMEZRIT W DE BEJAIA;;06070634111;178060700163172;09A0959215-00/06
CB245;DIVINDUS DMC BEJAIA SPA;BOULEVARD KRIM BELKACEM BEJAIA;;00084026;001619009219803;16B0092198-45/06
CB246;ALGERIENNE DES AUX- UNITE DE B;BP 339 RP BEJAIA;;16180205071;000116180807261;0017164B01
CB247;ETB TCE /EGTPH OUAHRANI RACHID;VGE BOUNOUR CNE EL -KSEUR;BEJAIA;06400343811;198519460000728;09A0957960-00/06
CB248;SARL MARSA CONSTRUCTION;CITE24FEVRIER LASILIS OUARGLA;;30010461930;002130012626704;21B0126267-00/30
CB249;SARL SOMARA;SIDI ALI LEBHAR 120 LGTS BEJAI;;06018209241;002006019036503;22B0191028-00/06
CB250;EGTPH-GOURINE ABID-;OULED HENNI SENDJAS W CHLEF;;02018709091;198702010364239;11A4551666-00/02
CB251;ETB TCE BENNECER ACHOUR;LOT 24 LOGTS LSP BLOC C TIARET;;14015701176;165191600563109;04A2129995-00/14
CB252;BAROUDI LAHCENE;VGE TIZI IGHIL OUAZZOUG BEJAIA;;06019511371;198606030006933;14A0988255-00/06
CB253;ETB -TCE DAHMANA MOHAND AKLI;VGE IBACHIREN CNE OUED GHIR BE;;06510208911;18906010278518800000;21A5812483-00/06
CB254;HOTEL - L'HORIZON BLEU AISSOU;TIGHREMT -W-BEJAIA;;06019610022;195606110173437;08A0954029-01/06
CB255;KERDJA YOUCEF;AIZMANE CNE OUED GHIR BEJAIA;;06511478051;160195400030124;02A0933378-00/06
CB256;ETS ALEM MOULOUD;CITE93 LOGTS BTA2 SIDI AHMED;BEJAIA;06015705404;17606010168710500000;11A09070769-00/06
CB257;GROS MAT CONS CHEBBAH MADANI;CHIKHOUNE OUZELLAGUEN W BEJAIA;;06360216214;185062503649148;18A1003066-00/06
CB258;LA FLECHE BLEUE ALGERIENNE;HAMROUCHE HAMOUDI W SKIKDA;;21379978045;000421014304088;04B0143040-00/21
CB259;ABDOUNE SAID ??;;;;;
CB260;"SNC BOUANANI ET CIE ""SOUMAM""";BLVD KRIM BELKACEM BEJAIA;;06017707324;000906018620507;09B0186205-00/06
CB261;EGTBH-TCE ZAIDI SOFIANE;TANEJASTE CNE BOUKHLIFA BEJAIA;;06480815403;19706010263613600600;23A5818774-00/06
CB262;EURL ALGHIKA;AZRARA 10 ZHUN AKBOU BEJAIA;;06252722020;002006019020366;20B0190203-00/06
CB263;ETB TCE- EGTPH-AKKAL MAKHLOUF;TAGHLIT CNE BENI MOUHLI SETIF;;19460063854;181190100658132;17A5322231-00/19
CB264;ETB-TCE- MADANI SALIM;SNADLA CNE DRAA EL KAID BEJAIA;;06450808955;17406440075012100601;98A0916406-01/06
CB265;SARL ASARIJ;ABAROUAK TALA HAMZA BEJAIA;;06331232902;001606018907635;16B0189076-00/06
CB266;EURL NEGMI HORIZON PROTECTION;RUE AMIROUCHE TAHAR EL-KSEUR;BEJAIA;06400510357;001606018901611;16B0189016-02/06
CB267;KERROUCHE FATIHA - KERDJA MOUR;????;????;???????????;???????????????;???
CB268;TEKFA MOHAND AKLI;BENI DJELLIL W BEJAIA;;06230267342;181062300332133;09A0959026
CB269;BI CONSTRUCTION BENABED ISLAM;09 RUE ALLAOUA TOUATI BEJAIA;;06011168856;193060100101171;16A0994328-00/06
CB270;SARL BEJAIA PRO CONSTRUCTION;22RUE MELLALI SIDI AHMED BEJAI;;06018205380;001606018900301;16B0189003-00/06
CB271;ETB -TCE ABERBOUR EL DJOUDI;VGE TABOUDA CNE BENI MELLIKECH;BEJAIA;06389529002;198062700142132;02A0934132-00/06
CB272;EPE/SPA GITRAMA MF;ZA HELLOUANE OUZELLAGUENE BEJA;;'06360039342;'002206019099430;22B0190994-00/06
CB273;GROS MATERIAUX CHEBBAH MADANI;CHIKHOUNE OUZELLAGUEN BEJAIA;;06360216214;185062503649148;18A1003066-00/06
CB274;ETB-TCE BRADAI LAAZIZ;GLE AIT MAHIOU TIFRA SIDI AICH;BEJAIA;06140370130;17906390068518000600;14A0986051-00/06
CB275;ETB-TCE MEHENNI SAADI;LOT NATOR TALA MERKHA BEJAIA;;06017310342;194060104032181;19A1006075-00/06
CB276;SARL TREFELERIE GUELDAMANE;TAHARACHT CNE AKBOU BEJAIA;;06252468002;001306018770322;13B0187703-00/06
CB277;ETB-TCE BENHELLAL ABDENNOUR;VGE TALA TAZART CNE S'CISNA;BEJAIA;06090420901;158060900135140;99A0923096-00/06
CB278;SARL SOPHAC;CHEMIN DES CRETES BEJAIA;;06017203016;099806018234688;98B0182346-00/06
CB279;BERBACHE MAKHLOUF;RUE ATTIL SALAH EL-KSEUR BEJAI;;06400230141;176060103541196;14A0987003-00/06
CB280;ETB-TCE-ADDAR ACHOUR;VGE OUED EL BARED BOUIRA;M'CHEDALLAH BOUIRA;10372376009;182103700869142;09A1435874-00/10
CB281;SARL ETPE E.TRAV.PUB.ET EQUIP;CNE BEJAIA BEJAIA;;06017203192;099906018282655;99B0182826-00/06
CB282;ETB-TCE-SAAOUI ZOUBIR;VGE AKABIOU CNE TIMEZRIT BEJAI;;06070406041;196906070064038;99A0920989-00/06
CB283;BELKACEM MOKHTAR;VGE TIMRIDJINE CNE TOUDJA BEJA;;06014901255;14906010080613000000;98A0916998-00/06
CB284;EURL YANE CONSTRUCTION;RUE BOUDRAA MALEK SEDDOUK;BEJAIA;06260022258;002306019144114;23B0191441-00/06
CB285;ETB-TCE-GUELMINE KARIM;LD TAHRIKT M'CISNA BEJAIA;;06090014015;183062501479138;11A0967772-01/06
CB286;SARL MELOUI C B;RUE 07 MARTYRS SEDDOUK BEJAIA;;06260012339;002306019130291;23B0191302-00/06
CB287;EURL RASHIL CONSTRUCTION;SIDI AHMED ZHUN GRP PRO04SEC70;BEJAIA;06015716212;002406019160760;24B0191607-00/06
CB288;SNC HARFOUCHE NABIL WA CHARIKI;BENI MOUHLI CENTRE W SETIF;;19460011257;002119009463950;21A0094639-00/19
CB289;SARL BOUSKINE CONSTRUCTION;VGE IGHIL NACER CNE IGHRAM BEJ;;06152111222;002206019104147;22B0191041-00/06
CB290;ETB-TCE-BENALOUACHE MOHAND;TIKHAROUBINE SIDI ALI BARBACHA;BEJAIA;06340331791;18806340036915400600;10A0963951-00/06
CB291;SADAOUI HAKIMA;ATIL SALAH GRP 103 SEC 55;EL-KSEUR BEJAIA;06400011267;28806390004519400;22A5815253-00/06
CB292;MAT.DE CONST.KERDJA Y ????;;;;;
CB293;YAHIAOUI GHANIA;HAI SEGHR 112 LOGTS BT 14 N°01;BEJAIA;06014515967;298315400283129;09A0958103-00/06
CB294;ETB TCE GTPH MOUSSAOUI SAMIR ?;;;;;
CB295;EURL WFF CONSTRUCTION;OUED GHIR CENTRE CNE OUED GHIR;BEJAIA;06511660103;002006019032178;20B0190321-00/06
CB296;ETB-TCE-ADJISSI MOHAMED-??;;;;;
CB297;COSIDER OUVRAGES D'ART POLE;ZAC HELLOUANE CNE OUZELLAGUENE;BEJAIA;06160030161;000516097048217;05B0970482-00/16
CB298;ETB-TCE-ADEL ABDELHAKIM-??;;;;;
CB299;ETB-TCE-ZAIDI MOURAD ??;;;;;
CB300;ETB TCE BOUNOUNI ADEL???;;;;;
CB301;OUATAH ABDELHALIM;VGE AOURIRE BENI DJELLIL;BEJAIA;06230041241;18206230009310600000;11A0974627-00/06
CB302;EURL TRAVLUX;CITE 88 LGTS BT B N°07 RAFFOUR;M'CEDDALLAH BOUIRA;10372372277;002410028518103;24B0285181-00/10
CB303;AZRINE NASSIM;TALA OUARIANE LOT N°01;BEJAIA;06014201831;18206010005811800;19A1003681-00/06
CB304;ETB TCE REKAL LARBI;TROUNA CNE BENI MAOUCHE;BEJAIA;06500545556;180065000209140;13A0983963-00/06
CB305;ETB TCE ILYANE CONSTRUCTION;SIDI SAID CNE M'CISNA;BEJAIA;06090014019;18306250147913800;11A0967772-01/06
CB306;ETB-TCE MADI HOCINE;26 RUE DES FRERES HAFFAF;SIDI AHMED BEJAIA;06015607025;18206010211224400;22A5815942-00/06
CB307;ETB-TCE ZEBBOUDJI DJAMAL;;;;;
CB308;EURL PROMOTION TAROUANSAID;FERME AZZAMOUM;BEJAIA;06013906292;001406018824654;14B0188246-00/06
CB309;ETB-TCE-EGPTH-REKKAL MOKRANE;VGE TROUNA CNE BENI MAOUCHE;BEJAIA;06500546701;15506500172518400;98A0916438-00/06
CB310;ETB-TCE BOUDRAA REDOUANE;LOTIS BERCHICHE N°04 CNE;EL KSEUR BEJAIA;06400472285;18806010331312300;14A0988369-00/06
CB311;SNC CHELGHOUM MUSTAPHA ET CHEL;;;;;
CB312;BENSLIMANE KAMEL;VGE IGHIL OUAZOUG;BEJAIA;06018501722;179060101058193;05A0942066-00/06
CB313;AOUINE HAMID;VGE IGHIL M'HAND AIT CHAFA;AZEFOUN W TIZI-OUZOU;15134562742;16415370044117700000;07A0261910-00/15
CB314;ETB-TCE MOKRANI LYDIA EPSE BES;FOURRIERE COMMUNAL 103;CNE OUED GHIR-W-BEJAIA;06511479081;292060102986156;18A1000800-00/06
CB315;BENHAMA MOHAND AMOKRANE;VGE BOUALOUNE CNE SMAOUNE;W BEJAIA;06120055913;197006120014254;10A0962022-00/06
CB316;SARL ZIDANI MARBRE;Z-I EL KSEUR BEJAIA;BEJAIA;06400135521;099906018299895;99B0182998-00/06
CB317;EURL RASHLE CONSTRUCTION;SIDI AHMED ZHUN GRP PROP 04;BEJAIA;06019160760;002406019160760;24B0191607-00/06
CB318;SPA EPE SOGERHWIT;ABOU TACHFINE BP 869;TLEMCEN;13016107175;099913026231040;99B0262310-13/00
CB319;DETAIL MTX DE CONSTRUCTION;BIR SLAM CNE BEJAIA;BEJAIA;06511733102;19106010213313100000;13A0981301-00/06
CB320;ETBTCE GRAND TPH ETS BESTANI;OUED GHIR CENTRE CNE OUED GHIR;BEJAIA;06511527006;180060101465173;10A0964815-00/06
CB321;ETB TCE BOUDJELIL SLIMANE;IGUER ALI CNE FERRAOUNE;BEJAIA;06030090991;18006340069616500600;07A0949583-00/06
CB322;EGTPH-B.F-BOUNAB ALI;CNE TASKRIOUT W BEJAIA;BEJAIA;06310020637;178063100586165;07A0951630-00/06
CB323;ETB-TCE-MASSIOUN NADIR;IHERAKENE VGE AMSSIOUANE CNE;TIMEZRIT BEJAIA;06070604801;1806070011817700600;14A0987739-00/06
CB324;SARL ENTRPRISE DES TRVX SOUMAM;CITE SELLEAM MADANI 01 1ER ETG;DOUERA ALGER;23050392062;000323036367434;03B0363674-00/16
CB325;ETB-TCE LATRECHE CHAOUKI;EL BERZAKH DRAA EL GAID;BEJAIA;06450090361;188064401921177;14A0988430-00/06
CB326;C/D DE MTRIX DE CONSTRUCTION;BIR SLAM CNE BEJAIA;BEJAIA;06018303236;16819300068118000000;11A0970091-00/06
CB327;ETB TCE EGTPH BENMEZIANE ALI;VGE TACHOUAFT CNE BOUHAMZA;BEJAIA;06370195006;18706370000716800601;21A5812599-01/06
CB328;ETB TCE MEZABER FARID;VGE AGHBALA CNE BENI DJELLIL;BEJAIA;06230015556;18706230015212900000;22A5813913-00/06
CB329;ETB TCE BRINIS MOHAMED LARBI;VGE TIFRIT CNE AKBOU;BEJAIA;06253001496;180341500055113;11A0972346-00/06
CB330;ETB TCE BENHACINE ABOU TAYEB;VGE TAOURIRTH TALA OUARIANE;BEJAIA;06016502132;180063900013138;19A1003397-00/06
CB331;ETB TCE GUENANE LIAZID;MENCHAR BENI MERAA CNE;KERRATA BEJAIA;06440011224;17306440002312700;04A0938398-00/06
CB332;ETB TCE CHEURFA ABDELKRIM;CITE BOUHIA CNE SEDDOUK;BEJAIA;06260362060;17206260061710500;16A0995757-00/06
CB333;SARL MAK CONSTRUCTION;05 RUE DES FRERES TAGUELMIMT;BEJAIA;06010451582;002006019036194;20B0190361-00/06
CB334;EURL NEW CONST;VGE IGHIL NCHIHA CNE AMIZOUR;BEJAIA;06020606735;002106019062341;21B0190623-00/06
CB335;SNC MC KAM BENBELLIL ET CIE;VGE AMAGAZ CNE M'SICNA;BEJAIA;06090423555;0009060186636641;09B0186366-00/06
CB336;EURL R S CONSTRUCTION ETB-TCE;RUE GUIFFRI ALI IMMEUBLE;OUADFEL BEJAIA;06018804567;002306019140710;23B0191407-00/06
CB337;ETB-TCE TEKFA SALEM;VGE TIZI N'DJIBAR CNE BNI DJLI;BEJAIA;06230267341;163062300018155;98A0917648-00/06
CB338;ETB-TCE IGUENATEN MOURAD;;;;;
CB339;ETB-TCE BELLOUL FAYSSAL;VGE BOUZOUGLA CNE DRAA EL GAID;BEJAIA;06450520916;18706450043129000;17A0997467-00/06
CB340;ETB-TCE HASSANI KARIM;VGE AIT MAMAR CNE TAOURIRT IGH;BEJAIA;06040050620;18206040020116900;12A0978313-00/06
CB341;ETB-TCE OUALI LOCIF;CITE 48 LGTS BT 4 N°5 EL KSEUR;BEJAIA;06400030731;186062300224160;08A0952385-00/06
CB342;COSIDER CANALISATION POLE H-64;AKHNAK SEDDOUK;BEJAIA;00051756;000416096611603;04B0966116
CB343;ETB-TCE OUARET AOMAR;IGHIL OUAZOUG TIZI;BEJAIA;06019304741;18806020019519500;18A0650455-00/06
CB344;BRIKH BOUZID;;;;;
CB345;ETB-TCE MEDJOUDJ ABDELKADER;TALA ATA CNE AIT SMAIL;BEJAIA;06470391170;180063100269101;09A0958773-00/06
CB346;TEMMAM BOUALAM;VGE ARIL EL KAF AIN LEGRAJ;SETIF;19130273915;170192200321171;09A0476724-00/19
CB347;ETB-TCE MESSAOUDENE DJAMEL;SOUK EL TENINE CENTRE;BEJAIA;06081002501;16806200011511500;99A0920900-00/06
CB348;EURL BEST WAY BULDING;RESIDNCE LA PHOENIX BT A1 N°38;BEJAIA;06014406054;002306019120487;23B01912204-00/06
CB349;SARL JH BATI BEST CONSTRUCTION;HAOUCHE EL BEY BT A 04;BOUMERDES;35010118817;002235072972281;22B0729722-00/35
CB350;PROMO IMMO -BOURAI SAMIR-;CITE 200 LGTS RES LA PLAINE;CITE TOBAL BEJAIA;06012509333;18006010134313300603;06A0946397-03/06
CB351;SARL STATION OUATAH;DOMAINE AMIROUCHE SEMAOUNE;BEJAIA;06120796104;001006018680311;10B0186803-00/06
CB352;SARL RESIDENCE BALNEAIRE;BOULIMAT;BEJAIA;06015404312;099906010067919;99B0182935-00/06
CB353;BENNAI ZAHIR;;;;;
CB354;KERDJA BRAHIM;;;;;
CB355;BOURAI ABDENASSER;;;;;
CB356;HAMOUDI NACIR;;;;;
CB357;EURL HIGH TECH PROMED;;;;;
CB358;SARL BMC BOUGIE MULTI CONSTRUC;;;;;
CB359;BENIDIRI ABDELLAH;;;;;
CB360;REDJAL SADDEK;;;;;
CB361;SARL IDIRI THERMOELEC;;;;;
CB362;KERDJA BILAL;;;;;
CB363;BAA AKLI;;;;;
CB364;BOUMAZA LAZIZ;;;;;
CB365;MEHDI SAADI;;;;;
CB366;BENADDA WALID;;;;;
CPA77;RIB'00400370400000408377';;;;;
CPA95;RIB'00400370400000659995';;;;;
DAB0000;SALARIER BRIQUETERIER;;;;;
DAB0001;DJENNADI AHCENE;;;;;
DAB0002;HABET ALI;;;;;
DAB0007;MAOUCHE LOCIF;;;;;
DAB0017;OUYESSAD SAMIR;;;;;
DAB0021;BELLOUT ZAHIR;;;;;
DAB0046;BENMOUSSA FARID;;;;;
DAB0047;AMGHAR DJAFAR;;;;;
DAB0068;MEZAACHE MESSAOUD;;;;;
DAB0070;IBELAIDEN IDIR;;;;;
DAB0072;BELKHADRA ABDELKARIM;;;;;
DAB0075;ALLAL AHMED;;;;;
DAB0078;TERKI MEHENI;;;;;
DAB0081;BENIDIR NACER;;;;;
DAB0088;MAHDIOUI FARES;;;;;
DAB0089;BESSAA SAID;;;;;
DAB0092;AIT MEHDI BELKACEM;;;;;
DAB0124;MEKBEL NABIL;;;;;
DAB0129;BOUIZERI BILLAL;;;;;
DAB0130;ATMAOUI RIAD;;;;;
DAB0148;BELHADI NASREDDINE;;;;;
DAB0157;KHEBBACHE NABIL;;;;;
DAB0167;OUHENIA HAMID;;;;;
DAB0168;BENHACINE NASR EDDINE;;;;;
DAB0175;AIROUCHE ABDERRAHMANE;;;;;
DAB0179;BIROUCHE KHELLAF;;;;;
DAB0193;YDJEDD FAHIM;;;;;
DAB0199;DJOUADI AHCENE;;;;;
DAB0206;MOKRANI TAHAR;;;;;
DAB0213;BENSADALLAH ZINEDDINE;;;;;
DAB0220;BELHADI HALIM;;;;;
DAB0222;OUYESSAD MUSTAPHA;;;;;
DAB0223;FERGUI BRAHIM;;;;;
DAB0224;OUDIA KAHINA;;;;;
DAB0225;MANSOURI EL HAFID;;;;;
DAB0226;ZEGGANE MOHAMMED;;;;;
DAB0227;BENHAMMA MOKHTAR;;;;;
DAB0232;BECHROUNE FARIDA;;;;;
DAB0237;BENSADALLAH DJAMAL TAHAR;;;;;
DAB0341;BENMAMMAR MOHAND TAHAR;;;;;
DAB0345;FERKAL NOUREDDINE;;;;;
DAB0350;BAA MOULOUD;;;;;
DAB0351;MEKHMOUKH RAFIK;;;;;
DAB0352;FETTAR SAHIB;;;;;
DAB0354;MOUZAIA MAKHLOUF;;;;;
DAB0357;BENHADDAD LYACINE;;;;;
DAB0363;BELLOUT EL-HACHEMI;;;;;
DAB0369;BAZIZ MOHAND;;;;;
DAB0370;AMAOUCHE LAAZIZ;;;;;
DAB0372;BEN MOUSSA KARIM;;;;;
DAB0373;BEGHOURA ELMAHFOUDH;;;;;
DAB0375;TOUATI YASSINE;;;;;
DAB0376;AIT-AISSA MUSTAPHA;;;;;
DAB0379;HITRI HAMID;;;;;
DAB0382;BOUZELMADEN MOULOUD;;;;;
DAB0384;AIT BRAHAM FARID;;;;;
DAB0386;BOUBECHE TAHAR;;;;;
DAB392;BRIKH KARIM;;;;;
DAB397;AIT OUALI NACER;;;;;
DAB399;ZIANI HANIBAL;;;;;
DAB400;IMOKRANE MOHAND AREZKI;;;;;
DAB402;EL GOUBI IMED;;;;;
DAB406;NAIT YAHIA ZIDANE;;;;;
DAB407;MAAFA NOUREDINE;;;;;
DAB408;BOUFROUCHE SAID;;;;;
DAB409;BOUFROUCHE MOHAND;;;;;
DAB410;SAIDI MOHAND AREZKI;;;;;
DAB411;MAAFA AGHILAS;;;;;
DAB412;HIMMI MOHAMED CHERIF;;;;;
DAB413;MEDDAH MADJAR;;;;;
DAB414;MESSIOUNI ABDEL HALIM;;;;;
DAB415;ABID KARIM;;;;;
DAB416;BOUROUF FERHAT;;;;;
DAB417;SAADA REDOUANE;;;;;
DAB418;AROUN NACER;;;;;
DAB419;HAYA KAMEL;;;;;
DAB420;BOUDRAA CHERIF;;;;;
DAB421;AMSSELI ZIDANE;;;;;
DAB422;BOULAINCER KAMAL;;;;;
DAB423;HADJAR DJAMEL;;;;;
DAB424;MOUZAIA ABDELHAKIM;;;;;
DAB425;MEDDOURI SAAD;;;;;
DAB426;DIF BACHIR;;;;;
DAB427;KEDDOUH MOHAND SAID;;;;;
DAB428;IBERRAKEN MOHAND AKLI;;;;;
DAB429;BOUZIDI AHMED;;;;;
DAB430;BOUZERARI JUBA;;;;;
DAB431;ZAIR MABROUK;;;;;
DAB432;ZIANE NASSIM;;;;;
DAB433;AROUN NACER;;;;;
DAB434;CHALLAL HAKIM;;;;;
DAB435;AMARI MOURAD;;;;;
DAB436;ABDELHADI ABDELKADIR;;;;;
DAB437;ALOUACHE M HAMED;;;;;
DAB438;AISSAOUI KACI;;;;;
DAB439;CHERDOUANE YAHIA;;;;;
DAB440;OUHROUCHE HOCINE;;;;;
DAB441;BEGHOURA ELMAHFOUDH;;;;;
DAB442;DJENNADI YOUBA;;;;;
DAB443;REGRADJ ABDERRAHIM;;;;;
DAB444;DJEBARA SAMIR;;;;;
DAB445;SALHI DJAMEL;;;;;
DAB446;SAADA YANIS;;;;;
DAB447;LEFFAK IDIR;;;;;
DAB448;AITBRAHAM FARID;;;;;
DAB449;HADDAD RAFIK;;;;;
DAB450;IDJOUADIEN KAMEL;;;;;
DAB451;BEKACEMI ABDELMALEK;;;;;
DAB452;TAGUEB LAID;;;;;
DAB453;BENSID SMAIL;;;;;
DAB454;CHEBREK MOHAND SAID;;;;;
DAB455;GHERAB FIRAD;;;;;
DAB456;BENSADALLAH HICHAM;;;;;
DAB457;BARACHE SOFIANE;;;;;
DAB458;BELHABIB ABDELKADER;;;;;
DAB459;ADDALOU AMIR;;;;;
DAB460;HALLOU MASSINISSA;;;;;
DAB461;TABET BELKACEM;;;;;
DAB462;GAROUCHE AIMED;;;;;
DAB463;SLIMANI AREZKI;;;;;
DAB464;BRAHMI TOUFIK;;;;;
DAB465;BOUZERARI JUBA;;;;;
DAB466;TAGGUEB FATEH;;;;;
DAB467;BENMOUSSA ARAB;;;;;
DAB468;TABET YACINE;;;;;
DAB469;KERNANE LARBI;;;;;
DAB470;SAHBI DJAMEL;;;;;
DAB471;HAMMOUDI LYES;;;;;
DAB472;MEHDIOUI SAAD;;;;;
DAB473;HAMDAOUI ABDERAHMANE;;;;;
DAB474;HADJAR DJAMEL;;;;;
DAB475;BALI MOHAND LAID;;;;;
DAB476;CHERDOUANE YAHIA;;;;;
DAB477;LEFFAK IDIR;;;;;
DAB478;YOUNSI KATEB RAYANE;;;;;
DAB479;TIZZAOUI ALI;;;;;
DAB480;RADI ABDENACER;;;;;
DAB481;MERMOURI BELAID;;;;;
DAB482;AIT OUAKLI LOUHAB;;;;;
DAB483;MEDDAH MADJAR;;;;;
DAB484;BELHADI NASREDDINE;;;;;
DAB485;OUANOUGH BILLAL;;;;;
DAB486;OURTELLI ABBAS;;;;;
DAB487;AMROUCHE YAZID;;;;;
DAB488;OUZROUHANE ABDELHAK;;;;;
DAB489;BELLILI TAYEB;;;;;
DAB490;IKKEN LOUNIS;;;;;
DAB491;BOUZELMADEN MASSINISSA;;;;;
DAB492;MENNIF SAAD;;;;;
DAB493;YAZID LAYACHI;;;;;
DAB494;KEDDOUH MOKRANE;;;;;
DAB495;ZEMMOURI ZAHIR;;;;;
DAB496;ABERKANE TARIK;;;;;
DAB497;ZIKIOU ABDELGHANI;;;;;
DAB498;ADOUDJ SAMIR;;;;;
DAB499;NEDJOUM MOHAMED;;;;;
DAB500;BENAMIROUCHE ZAHIR;;;;;
DAB501;IKKEN LOUNIS;;;;;
DAB502;BENAZZOUZ YANIS;;;;;
DAB503;GUITOUNI SALIM;;;;;
DAB504;AIT-SAID YOUCEF;;;;;
DAB505;LEFFAK MENAD;;;;;
DAB506;BOUAICHE MOHAND OUBRAHAM;;;;;
DAB507;SEKOUR BELAID;;;;;
DAB508;MADASI AMOKRANE;;;;;
DAB509;HADDAD MOHAND SAID;;;;;
DAB510;BOUDRAA SAID;;;;;
DAB511;HAMMADACHE HIDER;;;;;
DAB512;BOUFERRACHE SAID;;;;;
DAB513;BENMOUSSA HAKIM;;;;;
DAB514;EL GOUBI IMED;;;;;
DAB515;HALLOU LAMINE;;;;;
DAB516;ADOUANE RAYANE;;;;;
DAB517;MALOU BILLAL;;;;;
DAB518;SAKHRIOU AIMED;;;;;
EURL01;EURL HAROUNE TRANSITE;;;;;
F;BARKA KHALED;;;;;
FA001;ICHALALEN MOHAND OUALI;;;;;
FA002;HADROUG MOHAND OUYAHIA;;;;;
FA003;ICHALALEN SALIM;;;;;
FA006;BESSA MOHAND TAHAR;;;;;
FA007;EURL AIMAD EDDINE SABLIER;;;;;
FA008;ETS KHALDI OMAR;;;;;
FE0001;JIYUAN YOUNG BO PIPEMOULD;;;;;
FE001;DAKEN PLASTIC IN PROGRES ITALI;;;;;
FE002;ARVIN MERITOR ITALY;;;;;
FE003;TAKLER ATALY;;;;;
FE004;QINGDAO RULONG INTERNATIONAL;;;;;
FE005;AFHYMAT SA;;;;;
FE006;FOSHAN YONGLITAI AXLE CO LTD;;;;;
FE007;XIAGONGCHUSHENG (HUBEI);;;;;
FE008;DOMAR SRL;;;;;
FE009;BS MOTOR PARTS MFG CO LTD;;;;;
FE010;ALASKA EXPORTS INDIA;;;;;
FE011;MANSONS INTERNATIONAL PVT ITD;;;;;
FE012;BENSON AUTO PARTS MANUFACTURE;;;;;
FE013;SERTPLAS OTO YAN SAN VE TIC AS;;;;;
FE014;KAPOOR AUTOMOBILES INDIA;;;;;
FE015;SAS QALEO FRANCE;;;;;
FE016;AKYAPAK MAKINE SANAYI;;;;;
FE017;FRASLE BAIRRO FORQUETA CAXIAS;;;;;
FE018;SHERADA EXPORTTS;;;;;
FE019;ERMAKSAN;;;;;
FE020;KV AUTOMOTIVE COMPONENT;;;;;
FE021;LAMINA INTERNATIONAL;;;;;
FE022;CEL MER CELIK ENDUSTRISI;;;;;
FE023;DPIA FRANCE;;;;;
FE024;TURAL YAYINCILIK;;;;;
FE025;RICER GROUPE;;;;;
FE026;GLOBAL WIN VEHICULE CO.LTD;;;;;
FE027;EKU FREN;;;;;
FE028;DUROLINE;;;;;
FE029;NIHAT URYAR DEMIRCELIK;;;;;
FE030;OZGURLER;;;;;
FE031;SARL BATITECH;;;;;
FE032;EKER TURQUIE;;;;;
FE033;LOKHEN SRL;;;;;
FE034;TECNOFILIERE;;;;;
FE036;VDL WEWELER COLAERT;;;;;
FE038;SIPROF;;;;;
FE040;EKERSAN;;;;;
FE041;FANUC;;;;;
FE042;RENTEK;;;;;
FE043;GUANGZHOU HUAJING MACHIN CHINE;;;;;
FE044;ZHEJIANG BAITUO IMP/EXP;;;;;
FE045;JINAN DINGDING PARTS CO.,LTD;;;;;
FE046;SAMPA;;;;;
FE047;SUNNY ENGINEERING;;;;;
FE048;MESSERSI PACKAGING;;;;;
FE049;JIYUAN YOUNGBO;;;;;
FE050;SOCIETE FILIERES ALBARAKA SFB;;;;;
FE051;Fournisseurs etrangers;;;;;
FE052;SPA BAWER;;;;;
FE053;SAF HOLLAND;;;;;
FE054;HANDLE;;;;;
FE055;GECGEL METAL -GOS-;;;;;
FE056;TAF PPL;;;;;
FE057;SOCIETE FILIERE AL BARAKA;;;;;
FE058;TAF PPL;;;;;
FE059;METAL DOKUM MAKINA OTOM;;;;;
FE060;A IDENTIFIER (PTI 70699);;;;;
FE061;A IDENTIFIER (PTI 71236);;;;;
FE062;A IDENTIFIER (PTI 71240);;;;;
FI001;SOUMMAM COMPUTER SYSTEM;;;;;
FI002;SIDAL SPA;;;;;
FI003;CHEBBAH BOUDJEMAA;;;;;
FI004;ETS BOUZIDA KOCEILA;;;;;
FI005;BEJAIA COMPUTER SERVICES SNC;;;;;
FI006;SARL DLG;;;;;
FI007;AIDLI FATAH;;;;;
FI008;MOBICA SARL;;;;;
FI009;SOUMMAM COMPTER SYSTEM;;;;;
FI010;SARL HODNA METAL;;;;;
FI011;SARL BATELEC;;;;;
FI012;SNC ECOTP MOUHALI & FRERES;;;;;
FI013;MEKLAT AKLI;;;;;
FI014;EURL EMIGEL;;;;;
FI015;EURL HOSNA KAMEL;;;;;
FI016;SNC ARBOUCHE ET FRERES;;;;;
FI017;SARL ASTRA MITAL INVES;;;;;
FI018;SARL GLOBAL SERVICE INDUSTRIE;;;;;
FI019;SNC BOULABE KHENE;;;;;
FI020;SAYAD ABD EL HAFID;;;;;
FI021;SDE DIRECTION DISTRIBUTIN BEJ;;;;;
FI022;Concessions;;;;;
FI023;ETS AIT ELDJOUDI;;;;;
FI024;SARL EL M'HIR AGREGAT;;;;;
FI038;CASA TEC BEJAIA;;;;;
FI039;SARL BETONEX;;;;;
FI040;BENMAAMER BOUKHALFA;;;;;
FI041;SARL ENDEMEL;;;;;
FI042;ILLOUL MUSTAPHA;;;;;
FI043;ETS HAMITOUCHE SMAIL;;;;;
FI045;SARL GENERAL METAUX;;;;;
FI046;SNC L.T.N.C NAOUI ET CIE;;;;;
FI047;MERZOUK ABD EL-HAMID;;;;;
FI048;BENMAAMAR NOUR EDDINE;;;;;
FI050;MARCHELLUZZO;;;;;
FI051;SOPRIB MELOUI BOUBEKEUR;;;;;
FI052;SCAEK GICA;;;;;
FI053;ETS AIT AMRAOUI;;;;;
FI054;EURL TMF;;;;;
FI055;L.E.C BEJAIA;;;;;
FI056;ALLOUL CHAFIK;;;;;
FI057;SNC GMC CHEBBAH ET CIE;;;;;
FI058;SARL GROUBE BENHAMADI ARGILOR;;;;;
FI059;SARL METAL RAM;;;;;
FI060;SARL BOUGUERRA;;;;;
FI061;KAHLANE ALI;;;;;
FI062;BM MAINTENANCE;;;;;
FI063;SARL ECI BOUDIAB;;;;;
FI064;SARL SOTIBED;;;;;
FI065;SARL FUTUR ELEC;;;;;
FI066;ETELEC KHELFAOUI ESSAID;;;;;
FI067;SNC RAMTANI ET FILS;;;;;
FI068;ATLAS COPCO;;;;;
FI069;PERIN SRL ITALIE;;;;;
FI092;EURL CRISTAL IMPORT EXPORT;;;;;
FI093;AOUDIA COMPUTER & TELECOM;;;;;
FI094;SARL TIZIRI;;;;;
FI096;EURL AKFADOU TRADING;;;;;
FI097;SARL RSA;;;;;
FI098;SARL ZIDANI MARBRE;;;;;
FI099;SARL AKBOU BUSINESS COMPANY;RUE ZHUN AKBOU BEJAIA;;06252716001;001506018872927;06/00-0188729B15
FI100;SARL MICAL;;;;;
FI103;EURL ELAFAK CONTROL;;;;;
FI104;ETS DJERROUD YANIS;;;;;
FI105;EURL BATHY TP;;;;;
FI107;SARL GRALCOME;;;;;
FI108;SARL ESPACE CONSEIL;;;;;
FI109;SNC CEB;;;;;
FI110;CTIB ETS IGHIT NORDINE;;;;;
FI111;EURL NET INDUSTRIEL;;;;;
FI112;SARL DOULATEC;;;;;
FI113;SPA CONDOR ELECTRONICS;;;;;
FI114;SARL METALTECH ALGERIE;;;;;
FI115;HASNIOU ENTREMATIC;;;;;
FI116;EURL GMFCI;;;;;
FI117;AMANI ETS DRIS;;;;;
FI119;OUKSILI MOHAND;QUATRE CHEMINS;BEJAIA;066013906044;196644040124535;20A1008571 06/00
FI120;E-T-E DJERROUD;04 RUE DE LA GARE OUZELLAGUEN;BEJAIA;06360250059;181063600077183;12A0974907-00/06
FI121;SARL AXECHAN ELECTROME;RESIDENCE 332LGT NUMIDIA BEJAI;;06120034512;000806018585831;08B0185858-06/00
FI122;SARL DJERROUD ELEC;04 RUE DE LA GARE OUZELLAGUEN;AKBOU BEJAIA;06360250061;00210601907687500;21B0190768-00/06
FI123;MANSOURI KHELLEF;;;;;
FI124;EURL COMPRESSEUR AUGUST;;;;;
FI125;HM TECH-OUAZINE ACHOUR-;;;;;
FIE118;SOCIETE FILIERES ALBARAKA SFB;;;;;
FIE119;TRANSIT SBB;;;;;
FIE120;DOUANE BOUCHEBKA;;;;;
FL001;MERZOUK ABDELHAMID;;;;;
FL002;ARCELORmITTAL ANNABA SPA;;;;;
FL003;SARL ELGUEDRA;;;;;
FL004;SARL ELSA;;;;;
FL005;MECHELIN ALGERIE SPA;;;;;
FL006;SARL SOCAD;;;;;
FL007;ETS BEHLOUL LACHEMI;;;;;
FL008;AZZOUZ ABDELOUAHAB;;;;;
FL009;EPE - ENAP - SPA;;;;;
FL010;SARL ALWIN ALGERIE;;;;;
FL011;SARL PEINTURE MIDY 2;;;;;
FL012;SARL CAPROMET;EL BRAKNA CNE DERAN TAREF;;2000051305;000423052305718;04/B/523057-36/03
FL013;SARL AFHYMAT ALGERIE;;;;;
FL014;SARL TAMETAL;;;;;
FL015;ETELEC KHELFAOUI ESSAID;;;;;
FL016;EURL HAROUN TRANSIT;;;;;
FL017;SARL CENTRE COMMERCIAL IL-MATH;;;;;
FL018;DOUANES BEJAIA;;;;;
FL019;CMA CGM ALGERIE BEJAIA;;;;;
FL020;SARL MSCA;;;;;
FL021;TRANSIT BOURGHIT ABDELKRIM;;;;;
FL022;SOGEPORTS;;;;;
FL023;ECU LINE ALGERIE;;;;;
FL024;SARL BANCOMAR ALGERIE;;;;;
FL025;EURL BAF;;;;;
FL026;BEJAIA PLEXI;;;;;
FL027;CHEBBAH BOUDJEMAA;;;;;
FL028;SNC ARETANCHE;;;;;
FL029;SNC RAMTANI ET FILS;TIMTDHIT RN26CNE TAZMALT;;06276701001;000706018549880;07B0185498-00/06
FL030;ETS BOUZIDA KOCEILA;;;;;
FL031;LAKHDAR KHALED;;;;;
FL032;BEJAIA COMPUTER SERVICES SNC;;;;;
FL033;SARL ZIDANI MARBRE;;;;;
FL034;NAFTAL BEJAIA;;;;;
FL035;BATICOMPOS SPA;;;;;
FL036;SARL ASTRA METAL;;;;;
FL037;SARL DPR COMPANY;;;;;
FL038;SARL NATRA INTERNATIONAL;;;;;
FL039;GLOBAL SHIPPING & LOGISTIQUE;;;;;
FL040;SARL STATION DE SCE SOUMMAM;;;;;
FL041;EURL BOUSSETLA TAHAR;;;;;
FL042;SNC YESSAD & CIE COMPUTER;04 RUE OURABAH MADJID;EL KSEUR BEJAIA;06120034512;000806018585831;08 B 0185858 06/00
FL043;SNC ARBOUCHE FRERES;RN N°26 TAKREIT BP 36 CHEMINI;-W- BEJAIA;06300360202;0995 0630 0027 828;98 B 182465
FL044;FALCON MOTORS;;;;;
FL045;SARL ARTSIGN PUB;;;;;
FL046;GAMMA LUBRIFIANTS;22 RUE DES FRERES FERZOUI BEJA;;06015616065;172063600340111;05A0941087
FL047;SARL TECHNOS;;;;;
FL048;EURL MIN SOL HYD;;;;;
FL049;DJENNADI ABDELKADER;;;;;
FL051;DJENNADI AHCEN;;;;;
FL052;DJENADI A/KRIM;;;;;
FL053;SARL MANCER & BATTAZ;;;;;
FL054;SARL ALWIN ALGERIE;;;;;
FL055;SARL ESASOUD ALGERIE;;;;;
FL056;MAERSK ALGERIE;;;;;
FL057;SARL INTERNATIONAL POWER;;;;;
FL058;BOUNGIORNO ALGERIE N°099;;;;;
FL059;SARL HODNA METAL;;;;;
FL060;SARL TOUALI STEEL;;;;;
FL061;SOMACOB REMILA;;;;;
FL063;BATELEC SARL;;;;;
FL064;STATION DE SERVICES TIGHILT;;;;;
FL065;DJENNADI REYAD;;;;;
FL067;CARF IMPORTATION&DISTRIBUTION;;;;;
FL068;MOKRANI FARID;;;;;
FL069;IGOUCIMENE FAOUZI;;;;;
FL070;BOUNDAOUI SOFIANE;;;;;
FL071;TAXE DOMICILIATION BANCAIRE;;;;;
FL073;SOMAPRO;;;;;
FL074;SNC AIT AISSA ET FILS;;;;;
FL075;SARL TRANSIT DJEBBARI;;;;;
FL076;AZEGHBOUBE DJAMEL;;;;;
FL077;IPSEN LOGISTICS;;;;;
FL078;SARL FOUARA 08/05/45;;;;;
FL079;SARL METAL RAM;;;;;
FL080;SARL HARD MOTORS;;;;;
FL081;SNC VALLEE PNEUS;;;;;
FL082;ETS MAMI PNEUS;;;;;
FL083;SARL TREFELERIE GUELDAMANE;;;;;
FL084;SARL TIZIRI;;;;;
FL086;SARL LMTS;;;;;
FL087;EURL OUM DERMAN;;;;;
FL088;SARL HADJ LARBI PNEUMATIQUE;VGE TIZI CNE SMAOUN BEJAIA;;06120034512;000806018585831;08/B/0185858-00/16
FL089;SARL GENERAL METAUX;;;;;
FL090;SARL GLOBAL AXIS;;;;;
FL091;SARL DZ GATE;;;;;
FL092;EURL AKFADOU TRADING;;;;;
FL093;SARL TAHARACHT IMPORT EXPORT;;;;;
FL094;SARL GLOBAL AXIS;;;;;
FL095;SARL EXTRA METAL;;;;;
FL096;NATIONAL SHIPPING COMPANY;;;;;
FL097;SNC BOULABE KHENE ET CIE;;;;;
FL098;ETS TAALBA;;;;;
FL099;DJERMOULI KAMAL ABDENNOUR;;;;;
FL100;EURL HOSNA KAMEL;;;;;
FL101;EURL EMAT;;;;;
FL102;SARL DPR COMPAGNY TPM;;;;;
FL103;BENADJAOUD ABDELWAHAB;;;;;
FL105;ETS AOUNIT AKLI;;;;;
FL106;SARL FERMAT;;;;;
FL107;SARL LUXE PVC;;;;;
FL108;SARL DPR COMPANY LOCATION;;;;;
FL109;SAIGH LEFRIK;;;;;
FL110;ETS MEDJEKDOUD SADDEK;;;;;
FL111;SARL FILTER SHOP;;;;;
FL112;ETOILE FILANTE MANSOURI TASSAD;;;;;
FL113;SARL CHAHIR NOUR;;;;;
FL114;SARL CAPSU PLAST;;;;;
FL115;EURL HIGHT PLAST;;;;;
FL116;EURL STRAPTEC;;;;;
FL117;SARL RSA;;;;;
FL118;EURL SDS IMPORT/EXPORT;;;;;
FL119;SNC SMDESIGN;;;;;
FL120;MOUNSI TAYEB;;;;;
FL121;EURL TOP LINE;;;;;
FL122;BENADJAOUD HALIM;;;;;
FL124;SARL ECO-FERMETURES;;;;;
FL125;SARL ALGERIE RESSORTS;;;;;
FL126;DIVINDUS TRAIDING COMPANY;;;;;
FL127;SNC CEB;;;;;
FL128;SARL AGTP;;;;;
FL129;SARL FUTURELEC;;;;;
FL130;IMPRIMERIE TAHARACHT;;;;;
FL131;ETS SAIDI;;;;;
FL132;EURL FID;;;;;
FL133;FORMIDEX EMBALLAGE;;;;;
FL134;ETS BENSEKHRI YACINE;;;;;
FL135;EPE ORGM SPA;;;;;
FL136;SARL ENTEC;;;;;
FL137;SPA ARKAS;;;;;
FL138;LES DOMAINES ANAM;;;;;
FL139;SAADI AZEDINE;;;;;
FL140;CTIB ETS IGHIT NORDINE;;;;;
FL141;SOFIND INDUSTRIE;;;;;
FL142;SARL ATLAS LUBRIFIANTS;;;;;
FL143;KIT POMPE;;;;;
FL144;SARL KARF METAL;;;;;
FL145;EURL LE PALMIER INDUSTRIEL;;;;;
FL146;EURL STEEL SOLIDE;LOCAL N°01 AMYIS TIZI RACHED;TIZI OUZOU;15220223514;001015004785516;15/01-0047855 B10
FL147;DOUANE BOUCHEBKA;;;;;
FL148;AEROPORT HOUAR BOUM;;;;;
FL149;TRANSIT DALIBEY;;;;;
FL150;SARL UNITED METAL;ROUTE NATOINAL MIMETE;EL HAMADIA BBA;34010781918;001534046524706;34/01-0465247 B 15
FL151;FILTRESHOP;;;;;
FL153;MEGHAR NADIR;RN N°26 FBG GUENDOUZA 06001;AKBOU W BEJAIA;06251966449;197706250169422;10A0963965-00/06
FL154;SARL LA GENERALE LUBRIFIANTS;RN 12 MELLALA OUED GHIR 06120;BEJAIA;06510680013;000206018413538;02B0184135
FL155;"STATION GAMMA ""TOTAL""";IREYAHEN TALA HAMZA;BEJAIA;06015616065;197206360034044;06/02-0941087A05
FL156;SARL DIOUANI;ILOT N° 106 SECTION 07-16045;BABA ALI ALGER;16340214201;000116179036345;01B0016315
FL157;SARL DELTA FUSION;CITE 412 LGTS ABERCI BT 15;N° 29 CORSO 35014;35190807115;001535072702125;0727021B15-00/35
FL158;EURL REDOUANE AUTO;VGE TAGNIT AIT ANNANE;CNE DARGUINA BEJAIA;06204402924;001406018805948;06/00-0188059B14
FL159;CENTRE DE L'ENSEIGNE;;;;;
FL160;SAIGH ABDEL KAMEL;;;;;
FL161;SARL TAALBA PROTECTION;QUARTIER SONATRACH RN° 26;AKBOU (W) BEJAIA;06251739045;002206019084810;06/00-0190848B22
FL162;TRANSIT HAMMACHE;;;;;
FL163;AVION INTERNATIONAL COMPANY;;;;;
FL164;ETS DJERMOULI MUSTAPAHA;;;;;
FL165;ETS SELLAM FOURNITURES INDUS;RN26 TAHARACHT AKBOU BEJAIA;;06252499169;18006250322611200600;21A5812525-00/06
FL166;STATION GAMMA 4;RN 26 CHIKHOUNE IGHZER AMOKRAN;BEJAIA;06120034512;000806018585831;08B0185858-00/06
FL167;SARL BABOR PNEUS;ROUTE DE STADE COMMUNAL;CNE OUZELLAGUEN BEJAIA;16530527202;001616101104649;06/04-1011046B16
FL168;EURL STAR STONES;CNE BIR KASD ALI;BORDJ BOU ARRRIDJ;34100291051;001834046594663;18B0465946-00/34
FL169;SARL CONFORT CERAM;;;;;
FL170;SARL BEJAIA EQUIP INDUSTRIELS;"RUE ""L"" ARRIERE PORT";BEJAIA;06010223011;099806018256613;98B0182566-00/06
FL171;SARL EPIDEK BEJAIA;13 RUE DIDOUCHE MOURAD SMINA;BEJAIA;06017205899;001106018714117;06/02-0187141B11
FL172;SARL GMEF;RN N° 05 TADJENANET;MILA;43080488071;099843032219927;98B0322199
FL173;EURL NET INDUSTRIEL;RN 106 ALLAGHANE DAIRA TAZMALT;BEJAIA;06270110722;000206018388394;02B0183883
FL174;SARL SOLSET;ARRIERE PORT LOT N°103 LA GARE;BEJAIA;06120034512;002006019032382;08B0185858-06/00
FL175;SNC GROUPE ALITI;ARG EZZEBAR-SIDI AMEUR;BOUSAADA;19270217021;000619008662164;06B0086621-02/28
FL176;SARL EL AKSSA METAL;EL DEHAISSA, SECTION 16 GRP 70;BORDJ BOU ARRERIDJ;34014118262;001834046593761;34/00-0465937B18
FL177;SARL OUED KNISS;;;;;
FL178;EURL EURO MAGHREB;;;;;
FL179;SNC CRISTAL ALUMINIUM;;;;;
FL180;CHEURFA PLACO;;;;;
FL181;EURL GUETTHERMIQUE;36 OUED HAMIMINE PMA KHROUB;;25063725021;001125006897972;25/00-0068979 B11
FL182;SARL MAXIPOWER ELECTRONIC;ZONE INDUSTRIELLE IHADDADEN BE;BEJAIA;06017105204;00100601865962906005;10B0186596-05/06
FL183;BEN GHERNAT FAYCAL;141 RUE TRIPOLI H-D ALGER;;16310457303;197916420241918;0102981A03
FL184;SARL METIDJA SOLUTIONS;CITE BEN HAMZA SECT4 BOUMERDES;BOUMERDES;35360090132;002216105061834;22B1050618-35/00
FL185;ETS LAHLAH;LOT KHAROUBI BT A 4 CHEMINS BE;BEJAIA;06013901257;194906500302050;98A0916427/02
FL186;SNC GLE ET LUBRIFIANTS MAOUCHE;RN N°26 IGHZER AMOKRANE BEJAIA;;06360479045;002106019049047;21B0190490-00/06
FL187;SARL AKBOU BUSINESS COMPANY;RUE ZHUN AKBOU BEJAIA;;06252716001;001506018872927;06/00-0188729B15
FL188;SARL OUARELEC;81 ROUTES DES CONCESSIONS BEJA;BEJAIA;06013902574;001106018695067;11B06/00-0186950
FL189;UDA UNION DES DISTRIBUTEURS;30 BOULEVARD TAHAR BOUDCHICHA;BEJAIA;06014502011;002106019068365;06/00-190683B21
FL19;SARL AUTO ENERGIE;LOT N° 24 AOKAS BEJAIA;;06221531102;001206018747289;12B0187472-00/06
FL190;SARL FUTURE MOTORS ALGERIE;Z.I.OUED SMAR N° 40 PAVILLON A;ALGER;16285462871;0019161000426800000;19B1000426-00/16
FL191;SKYZON ENERGY ALGERIA;9eme KM, LOCAL N°01 RN N°5;CONSTANTINE;25013915526;001925007229118;19B0072291-00/25
FL192;ZABLI ZAHIR;QUARTIER DE LA MISSION;SIDI AICH -BEJAIA;06390089801;196806320040340;04A0939411
FL193;SCP MAITRE OUARAB ET KHERBOUCH;AKBOU BEJAIA;;06250264011;513990000840654;AGREMENT
FL195;CEJM;ZI ROUTE DES CONCESSIONS BEJAI;;06013906372;002306019128420;23B0191284-00/06
FL196;SARL GRALCOME;CITE MOUIHA LOT 2 BOUMERDES;;35203794021;000135072325794;01B0723257-35/00
FL197;EURL KAIS COMMERCE METAUX;ZI PONT BOUCHIT HADJAR ANNABA;;;;
FL198;SARL IFS NEUTRAL MARITIME ALGE;LOT AIN SOLTANE N° 08 KOUBA AL;;16185414011;001516099873181;15B16/00-0998731
FL199;ZENOUD MOKRAN;N°36 LOTISS AIN BENIAN ALGER;;16440140113;176165700682155;15A4942605-00/16
FL200;BELALEM KAMEL;;;;;
FL201;ENIEM;OUED AISSI BP-108 TIZI OUZOU;;15220025645;0099915004319197;0043191B99
FL202;SARL STEEL TRANS;HAJAR EDDIS N94/09/03SIDIAMMAR;ANNABA;TIN00096466;099825006220815;98B0062208-23-04
FL203;SARL COTIM BOIS;CITE BEN AMAR N°01 GP N°19;BOUMERDES;35360011941;00161609904995;16B0999049 01/35
FL204;ETS KASMI MADJID;VGE TALA MERKHA BEJAIA;;06017303602;177193000802121;06/01-0931535A01
FL205;EURL BRIMATEC GS GROUPE SOUYEH;ZI DRAA ELHADJA M'SILA;;28070467985;00042805626999228002;04B0562699 02/28
FL206;SARL BENSEKHRI INDUSTRIE;EL MEZEB SEDDOUK CENTRE 06011;;06260351575;001806018968248;18/B/0189682-00/06
FL207;SARL COLMAR LEAF SPRINGS;Z.I.REGHAIA Z U VOIE F ALGER;;16430960021;002016104792160;20B1047921-00/16
FL208;SARL UCT;;;;;
FL209;HOCINE NECHE;;;;;
FL210;HAMOUDI FARID;;;;;
FL211;MANSOURI KHELLAF;;;;;
FL212;EURL DANIS CERAMICA;;;;;
FL213;DIABA MOURAD;;;;;
FL214;SPA EL FETH;;;;;
FL215;SARL IGBS SETIF;;;;;
FL216;CONSTRUB EST;;;;;
FL217;SOCIETE TREFILERIE LA SOUMMAM;;;;;
FL218;MILTZER & MUNCH;;;;;
FL219;SARL LOTUS SAT;;;;;
FL220;SARL MANCER ET BATTAZ;;;;;
FL221;FILTEK INDUSTERIE & SERVICES;;;;;
FL222;EURL BLADEHANE IMP & EXP;;;;;
FL223;SARL CLAYTEC SERVICE ALGERIE;;;;;
FL224;SARL SINO ALGERIENNE DE PLASTQ;;;;;
FL225;BARA MASSY;;;;;
FL226;ETS KARTOUT ABDERZAK;;;;;
FL227;BENMAMMAR CHAFAA;;;;;
FL228;ETS MOUZAIA SAID;;;;;
FL229;EURL BULLDOZEN;;;;;
FL230;SARL PNEUMAX IMPORT;;;;;
FL231;SARL BOOSHNA IMP/EXP;;;;;
FL232;ETS BAHLOUL HICHAM;;;;;
FL233;MAYOUF BRAHIM;;;;;
FL234;SARL BOUKHELF DISTRIBUTION DES;;;;;
FL235;C.T.I.B ETS IGHIT NORDINE;;;;;
FL236;BEJAIA STATIONERY;;;;;
FL237;SARL EVENTRADE;;;;;
FL238;HOTEL MISTRAL ORAN;;;;;
FL239;SAA SOCIETE NATIONALE D ASSURA;;;;;
FL240;CHILLAOUI MASSOUD;;;;;
FL241;PROMOSALONS ALGERIE;;;;;
FL242;RCD BEJAIA AISSAT IDIR;;;;;
FL243;BOUKHENAK RACHID;;;;;
FL244;OURARI LAKHDAR;;;;;
FL245;BOUZIDA (REMIS PAR MAHDI);;;;;
FL246;EURL TOOLS ABDO;;;;;
FL247;ETS BELLIL TOUFIK;;;;;
FL248;BOUAKASE ZINA TRADUCTRICE ASSE;;;;;
FL249;ASSOCIATION BED BRIQUETERIE AL;;;;;
FL250;SARL DELTA ELEC;;;;;
FL251;ECHANCE 06/2026;;;;;
FL252;EURL TOTO MOTEUR;;;;;
FL253;B M T BEJAIA MEDITERRANEAN TER;;;;;
FL254;SARL BEJAIA EQUIPEMENTS INDUST;;;;;
FL255;ENTREPRISE PORTUAIRE BEJAIA;;;;;
FL256;MTA;;;;;
FL257;SCANNER TC;;;;;
FL258;SERPORT;;;;;
FL259;GOS (?);;;;;
FS;;;;;;
FS001;SARL DLG;;;;;
FS002;SARL EL GUEDRA;;;;;
FS003;VIRTUAL STUDIO;;;;;
FS004;SONELGAZ BEJAIA;;;;;
FS0041;SOLDE SONELGAZ 2021;;;;;
FS005;HOTEL LOUSS EL OUED;;;;;
FS006;HOTEL EL WOUROUD SKIKDA;;;;;
FS007;QUOTIDIEN EL YOUM;;;;;
FS008;QUOTIDIEN LA NOUVELLE REPUBLIQ;;;;;
FS009;SNC IMPACT EVENEMENT;;;;;
FS010;SAA EL KSEUR;;;;;
FS011;ALGERIE TELECOM ACTEL AKBOU;;;;;
FS012;MAGNOLIA COMMUNICATION SARL;;;;;
FS013;ZABLI SALAH;;;;;
FS014;CASAP AGENCE SIDI AICH;;;;;
FS015;ETS OUDDAK MADJID TAK PUB;;;;;
FS016;CNRC BEJAIA;;;;;
FS017;MIN SOL HYD;;;;;
FS018;ALOUI KHALED;;;;;
FS019;MANSOURI ALI ETOILE FILANTE;;;;;
FS020;HARANI MOHAND SAID;;;;;
FS021;BOUAKOUR HAMID;;;;;
FS022;GOURAYA AUTO;;;;;
FS023;SNC HPB LE PALACE;;;;;
FS024;SNC ABDELLI ET FRERE;;;;;
FS025;SARL TREADER LINE;;;;;
FS026;CHELOUAH MOURAD;;;;;
FS027;S G C I;;;;;
FS028;SARL DJERBELOU MOTORS;;;;;
FS029;ETS SAIDANI NASSIR;;;;;
FS030;MAITRE LAIB RACHID;;;;;
FS031;TOURING VOYAGES ALGERIE;;;;;
FS032;ALI KARA HAMID;;;;;
FS033;EURL EL MAMOUNIA INT;;;;;
FS034;AUBERGE MIMOSA;;;;;
FS035;HOTEL CHREA;;;;;
FS036;HOTEL CRISTAL;;;;;
FS037;HOTEL LE MAJESTIC;;;;;
FS039;SARL PUBLI PRESS;;;;;
FS040;ETS MOURAH WALID;;;;;
FS041;ETS AOUDIA;;;;;
FS042;ETS IMLOUL HALIM;;;;;
FS043;AMIZOUR TOURS;;;;;
FS044;ETS ABDELKRIM;;;;;
FS045;ANTARES DIVLOPPEMENT;;;;;
FS046;SEBKHI ABDELDJEBAR;;;;;
FS047;CGCI-PME;;;;;
FS048;CHAMBRE DE COMMERCE;;;;;
FS049;HIMI BEJAIA;;;;;
FS050;IGHIT LAKHAL;;;;;
FS051;SARL HOTEL RESTAURANT RELIER;;;;;
FS052;SARL SAEC LIBERTE;;;;;
FS053;KACI BROUK;;;;;
FS054;FORUM DES CHEFS D'ENTREPRISES;;;;;
FS055;SAA BEJAIA;CITE 48 LOGTS BT N° 6;BEJAIA;8903620;279060101698197;367/2014/SAA
FS088;SARL HADJ KARBI PNEUMATIQUE;;;;;
FS089;SARL VOLK AUTO;;;;;
FS090;AHFIR KHALED;;;;;
FS091;CAAR;;;;;
FS092;BOUTICHE AHMED;;;;;
FS093;VIANOSTRA;;;;;
FS094;BENHAMMA AZIAZ;;;;;
FS095;HARATI DOUADI;;;;;
FS096;SPA WATANIYA TELECOM;;;;;
FS097;SARL AUBERGE MEZIANE;;;;;
FS098;HOTEL FAMILIAL;;;;;
FS099;SARL HOTEL RESTAURANT ROULIER;;;;;
FS100;EPE SPA SAFEX;;;;;
FS101;SPA AIR ALGERIE;;;;;
FS102;LAOUBI AHMED;;;;;
FS103;ETS CHILLA KHELLAF-EMIPRO;;;;;
FS104;TOUHAMI HOTEL KHODJA;;;;;
FS105;MAITRE ZAIDI AHMED;;;;;
FS106;AGENCE NATIONALE EAU AGIRE;;;;;
FS107;MAITRE OMAR AMIRATE;;;;;
FS108;ETS SAADI AZEDINE;;;;;
FS112;MAITRE LOUIZANI SIDI MOHAMMED;;;;;
FS129;NAFI;;;;;
FS130;OUZOUGOUA MOURAD;;;;;
FS131;ETS BETKA LYES;CITE ADRAR IHADDADEN BEJAIA;BEJAIA;061012502317;169160101230174;06/00-0966483A10
FS132;FANUC;;;;;
FS133;AGRFU BEJAIA (AFOWB);;;;;
FS134;VIA NOSTRA;CITE PEPINIERE 1136/242 BT A11;N° A149 BEJAIA;6012605253;1792501150113365119;06/00-0993191A16
FS135;ASSOCIATION DES BRIQUETIERS;;;;;
FS136;SAA BEJAIA;;;;;
FS137;HILTI;14LOT MAHIEDDINE CHARAGA ALGER;ALGER;06120034512;0008060185831;08B0185858-06/00
FS138;SARL BEKKOUR ET COMPAGNIE;RN 26 TAKARIET SIDI AICHE BEJA;;0643068062;000306018424584;03B01842245
FS139;KARIM TAOUILT;;;;;
FS140;IANOR;05 ET 07 ABOU HAMOU MOUSSA ALG;ALGER;16011901167;000716097658803;07B0976588
FS141;IKHLEF MESBAH;LOT N°41DAR DIAF CHERAGA ALGER;;16500710521;194606010607348;AGREMENT 096/1984
FS142;KAPLAN SARL BOUAMARA OTHMANE;15 RUE HAMDANI LAHCEN SIDI YAH;SIDI YAHIA HYDRA ALGER;;001716099937762;17B0999377-00/16
FS143;MOULOUDJI LAMIA;;;;;
FS144;OUMEKHLOUF SMAIL;;;;;
FS145;MAITRE SADJI FARID;;;;;
FS147;ZIANI ABDENNACER;;;;;
FS148;IBIS HOTELS;;;;;
FS149;ETS BENHAMMA AZIAZ;;;;;
FS150;SARL OXI LOG;;;;;
FS151;FLY VOYAGES;;;;;
FS152;GEOSOLS LABO-BELAGAL;;;;;
FS153;HUISSIERS ADOUANE ET TEBIB;;;;;
FS154;LIQUIDATEUR BABA AISSA;;;;;
H001;IGHIT LAKHAL;LOT N03 AKAL ABERKANE EL-KSEUR;BEJAIA;;196006400041347;
H002;LAIB RACHID;CITE TOBALE BEJAIA;;;195406020009155;
H003;M.ALIKARA HAMID;MUSTAPHA BOUHIRED SOUIDANIA;ALGER;16490442711;195616010477038;
H004;KACI BROUK;RUE BESSAM ARAB SIDI AICH;BEJAIA;006390062602;196406290015830;
H005;BOUTICHE AHMED;539 LOTS GUESSAS DRARIA ALGER;ALGER;16530226611;196519169004226;
H006;AHFIR KHALED;VGE IMEZOUAGH TIMEZRIT BEJAIA;BEJAIA;06070550503;198806070046135;06/00-0967393 A 11
H007;SARL BATITECH;TANIT CENTRE, SIDI DAOUD;LA MARSA TUNISIE;;14114876/A/M;B01139822015
H010;HARANI MOHAND SAID;LOT N°59 ROUTE SIDI AHMED;BEJAIA;0601 560 7051;1947 0640 00184 41;
H011;MAITRE LOUIZANI SIDI MOHAMED;;;;;
H012;SCP MAITRE OUARAB ET KHERBOUCH;AKBOU BEJAIA;;06250264011;513990000840654;AGREMENT
H013;IKHLEF MESBAH;LOT N°41DAR DIAF CHERAGA ALGER;;16500710521;194606010607348;AGREMENT 096/1984
H014;MAITRE SADJI FARID NOTAIRE;RUE HASSIBA BEN BOUALI;BEJAIA;06016008041;196806010013350;
